state_index,split,predicted_delta,teacher_delta,teacher_best_delta,bucket_group,seat,pilot_gate_label
5,test,0.11232376098632812,0.0,0.0,natural,second,negative
6,test,1.5242676734924316,1.776202917098999,2.75345671875,natural,first,positive
19,test,-0.674630880355835,0.0,0.011335617187500091,natural,second,negative
25,test,-0.9080259799957275,0.0,0.0,natural,second,negative
34,test,-0.24934768676757812,0.0,0.0,natural,first,negative
40,test,-1.2318243980407715,-0.3921952247619629,0.0,natural,first,negative
42,test,1.5242676734924316,1.9812060594558716,1.9812060781249998,natural,first,gray
48,test,0.4186735153198242,0.0,0.9292123984375003,natural,first,gray
50,test,0.32477283477783203,0.0,0.0,natural,first,negative
68,test,0.32477283477783203,0.0,0.0,natural,first,negative
69,test,-1.9856045246124268,0.0,0.0,natural,second,negative
73,test,-0.674630880355835,0.0,0.0,natural,second,negative
74,test,1.1160082817077637,-0.18050336837768555,0.0,natural,first,negative
78,test,-0.25264501571655273,0.0,0.0,natural,first,negative
81,test,-2.0301828384399414,0.0,0.0,natural,second,negative
84,test,0.4186735153198242,0.0,0.6163667265625001,natural,first,gray
90,test,-0.7744841575622559,0.0,0.0,natural,first,negative
91,test,-0.674630880355835,0.0,0.23395440625000052,natural,second,gray
93,test,-0.4965672492980957,0.0,0.06483625781249991,natural,second,gray
101,test,-0.19384527206420898,0.0,0.0,natural,second,negative
103,test,-1.097141981124878,0.0,0.0,natural,second,negative
105,test,-1.9856045246124268,0.0,0.0,natural,second,negative
106,test,-0.24934768676757812,0.0,0.0,natural,first,negative
107,test,-0.5968303680419922,0.0,0.0,natural,second,negative
111,test,-0.4965672492980957,0.0,0.0,natural,second,negative
120,test,0.4186735153198242,0.0,0.8705437265625,natural,first,gray
126,test,-0.7744841575622559,0.0,0.0,natural,first,negative
131,test,2.7171921730041504,2.948460817337036,2.9484610078125,natural,second,positive
137,test,1.7642431259155273,1.9631524085998535,1.981534703125,natural,second,gray
138,test,0.08256340026855469,0.0,0.0,natural,first,negative
143,test,-0.5968303680419922,0.0,0.0,natural,second,negative
148,test,-0.2169322967529297,0.0,0.5734524843749997,natural,first,gray
152,test,-0.7748196125030518,0.0,0.0,natural,first,negative
160,test,-0.24934768676757812,0.0,0.0,natural,first,negative
164,test,1.1160082817077637,0.9287595748901367,0.9287594999999991,natural,first,gray
170,test,-0.7748196125030518,0.0,0.0,natural,first,negative
171,test,-0.8180146217346191,0.0,0.0,natural,second,negative
185,test,2.7171921730041504,3.239093542098999,3.2390935,natural,second,positive
189,test,-0.8180146217346191,0.0,0.0,natural,second,negative
190,test,1.3990554809570312,2.016324996948242,2.0163248671874996,natural,first,gray
227,test,1.7642431259155273,1.3991203308105469,1.3991203203125009,natural,second,gray
233,test,-0.6669619083404541,0.0,0.0,natural,second,negative
240,test,-0.25264501571655273,0.0,0.0,natural,first,negative
241,test,-0.11850786209106445,0.05667829513549805,0.11222382031249989,natural,second,gray
254,test,-0.03880929946899414,-0.01953125,0.01600813281250002,natural,first,negative
258,test,0.02676248550415039,0.0,0.0,natural,first,negative
264,test,0.08256340026855469,0.0,0.0,natural,first,negative
274,test,0.08593034744262695,0.0,0.0,natural,first,negative
281,test,1.7642431259155273,2.3939523696899414,2.3939522890625,natural,second,positive
288,test,-0.3957662582397461,0.0,0.0,natural,first,negative
291,test,-0.49634790420532227,0.0,0.484375,natural,second,gray
304,test,0.4286770820617676,-0.08203125,0.26321382031250007,natural,first,gray
305,test,-0.6669619083404541,0.0,0.0,natural,second,negative
311,test,-0.17531347274780273,0.0,0.0,natural,second,negative
315,test,2.286844253540039,2.345020294189453,2.8234610078125,natural,second,positive
318,test,0.7312569618225098,0.30621999502182007,0.30622003125,natural,first,gray
328,test,0.08593034744262695,0.0,0.0,natural,first,negative
329,test,-0.17531347274780273,0.0,0.0,natural,second,negative
342,test,-0.3957662582397461,0.0,0.0,natural,first,negative
343,test,0.46928930282592773,0.0,0.0,natural,second,negative
345,test,-0.49634790420532227,0.0,0.7132737578125001,natural,second,gray
346,test,0.08593034744262695,0.0,0.0,natural,first,negative
347,test,-0.17531347274780273,0.0,0.0,natural,second,negative
354,test,0.7312569618225098,1.1351113319396973,1.135111296875,natural,first,gray
369,test,2.286844253540039,0.3292742967605591,2.0645365703125,natural,second,positive
375,test,-0.3477602005004883,0.0,0.0,natural,second,negative
379,test,-0.09942150115966797,0.8429088592529297,0.8429088124999993,natural,second,gray
380,test,-0.03880929946899414,-0.09489941596984863,0.04534246875000014,natural,first,negative
394,test,1.8824591636657715,2.2750167846679688,2.2750160156250008,natural,first,positive
403,test,0.06082010269165039,0.0,0.0,natural,second,negative
418,test,0.1648869514465332,0.244140625,0.244140625,natural,first,gray
422,test,-0.6797511577606201,0.0,0.0,natural,first,negative
453,test,1.8109683990478516,1.3927736282348633,1.3927739531249994,natural,second,gray
470,test,0.5070157051086426,1.196883201599121,1.3952975156250016,natural,first,gray
478,test,0.20703506469726562,0.2210865020751953,0.4127257968749998,natural,first,gray
489,test,1.8109683990478516,0.7631769180297852,0.7631763593750005,natural,second,gray
490,test,0.1648869514465332,0.8175182342529297,0.817518187500001,natural,first,gray
497,test,0.3283967971801758,0.0,0.20902183593750046,natural,second,gray
498,test,-0.9953832626342773,-0.6569414138793945,0.0,natural,first,negative
501,test,-0.3477602005004883,0.0,0.0,natural,second,negative
503,test,-1.0663793087005615,0.0,0.0,natural,second,negative
506,test,0.5070157051086426,1.2816333770751953,1.837049437500001,natural,first,gray
509,test,8.432304382324219,8.521350860595703,8.521351578125,natural,second,positive
514,test,0.20703506469726562,0.4753379821777344,0.9525171015625009,natural,first,gray
538,test,-1.0270333290100098,0.0,0.0,natural,first,negative
543,test,1.8109683990478516,0.9205760955810547,0.9205757578125002,natural,second,gray
544,test,0.1648869514465332,0.193359375,0.2882962343750002,natural,first,gray
547,test,0.466738224029541,0.0,0.0,natural,second,negative
555,test,-1.8993947505950928,0.0,0.0,natural,second,negative
557,test,-0.11494159698486328,0.0,0.0,natural,second,negative
559,test,-0.1493687629699707,0.186004638671875,0.18600492968749993,natural,second,gray
561,test,1.8109683990478516,0.7518405914306641,0.7518407421875004,natural,second,gray
566,test,-0.41836023330688477,0.0,0.0,natural,first,negative
590,test,-0.04907798767089844,0.13671875,0.8947185546875001,natural,first,gray
599,test,2.4261221885681152,2.080827474594116,2.0808273437500002,natural,second,positive
602,test,-0.41836023330688477,0.0,0.0,natural,first,negative
616,test,3.0747690200805664,4.60317850112915,4.6031784765624995,natural,first,positive
620,test,-0.41836023330688477,0.0,0.0,natural,first,negative
630,test,0.2932415008544922,0.8929238319396973,1.0541545234375,natural,first,gray
632,test,-0.7172451019287109,0.0,0.0,natural,first,negative
648,test,0.2932415008544922,0.902306079864502,0.9023062890625004,natural,first,gray
653,test,2.4261221885681152,1.4192134141921997,1.4192134843750002,natural,second,gray
675,test,0.44069385528564453,0.0,1.560109234375,natural,second,gray
678,test,0.06203794479370117,0.0,0.04959439062499982,natural,first,negative
689,test,2.4261221885681152,2.2550384998321533,2.2550386015625,natural,second,positive
690,test,-0.18510913848876953,0.0,0.07655500781249991,natural,first,gray
692,test,0.7073507308959961,0.0,0.0,natural,first,negative
693,test,0.44069385528564453,0.0,1.699201703125,natural,second,gray
695,test,1.4172091484069824,0.5183444023132324,0.5183443906249999,natural,second,gray
701,test,-0.11494159698486328,0.0,0.0,natural,second,negative
723,test,0.586327075958252,0.4988217353820801,0.6057394999999999,natural,second,gray
726,test,-0.18510913848876953,0.0,0.119140625,natural,first,gray
739,test,-0.2285623550415039,0.4304542541503906,0.7342626171875004,natural,second,gray
749,test,1.4172091484069824,1.2772313356399536,1.2772313671874997,natural,second,gray
751,test,-0.9860601425170898,0.0,0.0,natural,second,negative
758,test,0.22859907150268555,-0.06598565727472305,0.65234375,natural,first,gray
764,test,0.7073507308959961,0.0,0.0,natural,first,negative
772,test,0.30703163146972656,0.4976634979248047,0.4976637421875001,natural,first,gray
779,test,2.537060260772705,2.3473105430603027,3.0820687109374996,natural,second,positive
788,test,0.26035451889038086,0.064453125,0.064453125,natural,first,gray
795,test,-0.17226076126098633,0.0,0.0,natural,second,negative
801,test,0.44069385528564453,0.0,0.4583509062500002,natural,second,gray
802,test,0.11478567123413086,0.0,0.0,natural,first,negative
804,test,0.06203794479370117,0.0,0.21832940624999964,natural,first,gray
805,test,-0.9860601425170898,0.0,0.0,natural,second,negative
808,test,0.30703163146972656,0.8886337280273438,0.8886344140624995,natural,first,gray
812,test,0.22859907150268555,0.14372751116752625,0.432406890625,natural,first,gray
814,test,-0.24686908721923828,0.0,0.0,natural,first,negative
816,test,2.5049052238464355,2.975600481033325,2.97560040625,natural,first,positive
817,test,1.0110588073730469,2.4531710147857666,2.4531709843750003,natural,second,gray
818,test,15.164112091064453,15.468154907226562,15.468155781250001,natural,first,positive
824,test,0.26035451889038086,0.06950879096984863,0.10236622656250005,natural,first,gray
826,test,0.30703163146972656,0.5586318969726562,0.5586312109375005,natural,first,gray
832,test,-0.24686908721923828,0.0,0.0,natural,first,negative
835,test,1.0110588073730469,1.5411739349365234,1.5411739921875,natural,second,gray
846,test,0.6097383499145508,0.4878692626953125,0.4878691796875003,natural,first,gray
850,test,-0.24686908721923828,0.0,0.0,natural,first,negative
861,test,0.3782939910888672,0.20392870903015137,0.20392872656249983,natural,second,gray
867,test,-0.17226076126098633,0.0,0.0,natural,second,negative
868,test,-0.24686908721923828,0.0,0.0,natural,first,negative
873,test,-0.5350003242492676,0.0,0.0,natural,second,negative
880,test,0.30703163146972656,-0.0018787384033203125,0.18401434375000036,natural,first,gray
885,test,-0.17226076126098633,0.0,0.0,natural,second,negative
892,test,-0.19737911224365234,0.0,0.0,natural,first,negative
903,test,-0.17226076126098633,0.0,0.0,natural,second,negative
911,test,5.060859203338623,7.014184474945068,7.014184437499999,natural,second,positive
915,test,0.8438196182250977,2.430994987487793,2.4309952656250005,natural,second,positive
919,test,-1.1651520729064941,0.0,0.0,natural,second,negative
930,test,0.639829158782959,-0.26723289489746094,0.0,natural,first,negative
949,test,-0.09410619735717773,0.0,0.0,natural,second,negative
963,test,-0.5350003242492676,0.0,0.0,natural,second,negative
973,test,-1.1651520729064941,0.0,0.0,natural,second,negative
974,test,0.029660701751708984,0.0,0.0,natural,first,negative
1009,test,-1.1651520729064941,0.0,0.0,natural,second,negative
1026,test,2.519320011138916,1.8978670835494995,1.8978670624999996,natural,first,gray
1030,test,-0.4251532554626465,0.0,0.6411954374999997,natural,first,gray
1038,test,-0.661726713180542,0.0,0.0,natural,first,negative
1075,test,1.085494041442871,1.412996530532837,1.4129965468749999,natural,second,gray
1076,test,0.619849681854248,0.0,0.4883101875,natural,first,gray
1081,test,-1.1651520729064941,0.0,0.0,natural,second,negative
1087,test,-0.6575121879577637,0.0,0.0546875,natural,second,gray
1090,test,-0.32955312728881836,0.17850065231323242,0.17850064062499982,natural,first,gray
1091,test,-0.32935094833374023,0.0,0.0,natural,second,negative
1097,test,0.04180288314819336,-0.006663322448730469,0.39518513281250023,natural,second,gray
1099,test,0.040157318115234375,0.0,0.0,natural,second,negative
1102,test,-0.4251532554626465,0.0,0.15260597656249986,natural,first,gray
1111,test,1.085494041442871,1.366121530532837,1.366121546875,natural,second,gray
1113,test,-0.3289523124694824,-0.5147838592529297,0.0,natural,second,negative
1125,test,0.10175752639770508,0.0,0.5210263203124996,natural,second,gray
1126,test,-0.32955312728881836,-0.15387630462646484,0.053687945312499874,natural,first,gray
1132,test,0.9423136711120605,0.17926692962646484,0.23276754687500034,natural,first,gray
1143,test,0.10175752639770508,0.0,0.4776744374999997,natural,second,gray
1146,test,-0.661726713180542,0.0,0.0,natural,first,negative
1166,test,0.619849681854248,0.0,0.0,natural,first,negative
1170,test,-0.6681532859802246,0.0,0.0,natural,first,negative
1173,test,0.19918441772460938,0.0,0.0,natural,second,negative
1177,test,-0.06505107879638672,0.0,0.0,natural,second,negative
1183,test,1.085494041442871,2.10429048538208,2.1042904140624996,natural,second,gray
1185,test,-0.3289523124694824,-0.171875,0.0,natural,second,negative
1187,test,0.04180288314819336,0.21794605255126953,0.7717551250000003,natural,second,gray
1188,test,-0.6681532859802246,0.0,0.0,natural,first,negative
1196,test,-0.6293210983276367,0.0,0.0,natural,first,negative
1210,test,0.6590871810913086,2.0386428833007812,2.504177000000002,natural,first,positive
1214,test,-0.6293210983276367,0.0,0.0,natural,first,negative
1215,test,0.5120959281921387,0.6415500640869141,0.6415496328125005,natural,second,gray
1223,test,0.04180288314819336,0.024970054626464844,0.43355628906249954,natural,second,gray
1228,test,0.6590871810913086,1.2297782897949219,1.2297774062499993,natural,first,gray
1238,test,0.23265695571899414,0.0,0.0,natural,first,negative
1244,test,1.5703372955322266,2.2247672080993652,2.2247677421875,natural,first,gray
1250,test,-0.6293210983276367,0.0,0.0,natural,first,negative
1254,test,-0.6140518188476562,0.0,0.0,natural,first,negative
1270,test,-0.6030924320220947,-0.0921792984008789,0.0,natural,first,negative
1273,test,0.24187755584716797,0.0,0.0,natural,second,negative
1279,test,0.36450672149658203,1.050705909729004,1.0507063281250009,natural,second,gray
1281,test,0.19918441772460938,0.0,0.0,natural,second,negative
1282,test,0.6590871810913086,1.1937808990478516,1.6171125781250026,natural,first,gray
1283,test,-1.5186767578125,0.0,0.0,natural,second,negative
1292,test,0.23265695571899414,0.0,0.0,natural,first,negative
1296,test,-0.508378267288208,0.0,0.0,natural,first,negative
1299,test,0.9162039756774902,0.3160233497619629,0.5456506796875003,natural,second,gray
1302,test,-0.5724258422851562,-0.4577975273132324,0.2281324921875001,natural,first,gray
1329,test,-0.3289341926574707,0.0,0.0,natural,second,negative
1335,test,0.9162039756774902,0.6534934043884277,0.8061825703125001,natural,second,gray
1347,test,-0.3289341926574707,0.0,0.0,natural,second,negative
1349,test,-0.28277063369750977,0.0,0.0,natural,second,negative
1359,test,0.7547626495361328,1.4496307373046875,1.4496308203124997,natural,second,gray
1361,test,-0.5369343757629395,0.0,0.0,natural,second,negative
1367,test,-0.28277063369750977,0.0,0.12653253124999997,natural,second,gray
1371,test,0.9162039756774902,0.39644694328308105,0.8889426249999999,natural,second,gray
1374,test,1.482668399810791,1.8070237636566162,1.8246018828125,natural,first,gray
1378,test,-0.05453920364379883,0.0,0.31321175781249977,natural,first,gray
1389,test,0.9162039756774902,0.3871021270751953,0.41245504687500034,natural,second,gray
1399,test,2.609344482421875,2.9633946418762207,3.1504740703125,natural,second,positive
1407,test,0.9162039756774902,0.7639799118041992,0.7639800859374999,natural,second,gray
1415,test,-0.04947996139526367,0.0,0.0,natural,second,negative
1417,test,2.609344482421875,2.1096084117889404,2.2478595703124995,natural,second,gray
1431,test,0.7547626495361328,0.12088966369628906,0.1208893984374999,natural,second,gray
1434,test,-0.1617131233215332,0.0,0.0,natural,first,negative
1441,test,0.36450672149658203,1.243682861328125,1.243682570312501,natural,second,gray
1449,test,0.7547626495361328,1.6921639442443848,1.8706646328124998,natural,second,gray
1456,test,0.626854419708252,1.095049262046814,1.3247891875,natural,first,gray
1460,test,3.9820170402526855,5.223859786987305,5.22386015625,natural,first,positive
1468,test,-0.05453920364379883,0.0,0.0,natural,first,negative
1475,test,1.9605989456176758,0.0,0.0,natural,second,negative
1496,test,1.8431754112243652,2.1866588592529297,2.1866588124999997,natural,first,gray
1499,test,-0.3386683464050293,0.8415722846984863,0.841572109374999,natural,second,gray
1502,test,-0.09416675567626953,0.0,0.0,natural,first,negative
1503,test,0.7547626495361328,0.9719562530517578,1.2978745546874997,natural,second,gray
1504,test,-0.05453920364379883,0.0,0.2124904453125005,natural,first,gray
1518,test,0.8215861320495605,0.0,0.0,natural,first,negative
1534,test,0.951932430267334,0.9576015472412109,1.0696960781250002,natural,first,gray
1535,test,-0.3386683464050293,0.7849693298339844,0.7849689453125013,natural,second,gray
1547,test,1.9605989456176758,0.0,0.0,natural,second,negative
1548,test,2.6826796531677246,2.5308754444122314,2.530875390625,natural,first,positive
1562,test,1.3378815650939941,2.052051544189453,2.0520515546875,natural,first,gray
1565,test,1.9605989456176758,0.0,0.0,natural,second,negative
1569,test,-0.15811586380004883,0.0,0.0,natural,second,negative
1573,test,-0.6813583374023438,0.0,0.0,natural,second,negative
1576,test,-0.8974800109863281,0.0,0.0,natural,first,negative
1579,test,10.559186935424805,14.267695426940918,14.2676956640625,natural,second,positive
1581,test,0.6829104423522949,0.9064831733703613,0.9064832890624999,natural,second,gray
1583,test,1.9605989456176758,0.0,0.0,natural,second,negative
1603,test,-0.9520623683929443,0.0,0.0,natural,second,negative
1614,test,0.49753808975219727,1.019035816192627,1.2681945468749998,natural,first,gray
1617,test,-0.0853734016418457,0.0,0.0,natural,second,negative
1623,test,-0.15811586380004883,0.0,0.7323384296875002,natural,second,gray
1624,test,0.951932430267334,1.2646255493164062,1.2720548125000004,natural,first,gray
1625,test,-0.3386683464050293,0.5220251083374023,0.5220258750000006,natural,second,gray
1648,test,-0.8974800109863281,0.0,0.0,natural,first,negative
1650,test,0.49753808975219727,0.6624176502227783,0.8038088515625001,natural,first,gray
1657,test,-0.5562474727630615,0.0,0.0,natural,second,negative
1659,test,0.11178874969482422,-0.4206514358520508,0.0,natural,second,negative
1684,test,-0.8974800109863281,0.0,0.4920751171875004,natural,first,gray
1688,test,-0.9904434680938721,-1.750737190246582,0.0,natural,first,negative
1695,test,0.11178874969482422,-0.43784618377685547,0.0,natural,second,negative
1698,test,4.475438594818115,4.297537803649902,4.29753740625,natural,first,positive
1702,test,-0.8974800109863281,0.0,0.14445632812500087,natural,first,gray
1708,test,-0.5471842288970947,-0.5596683025360107,0.0,natural,first,negative
1715,test,0.420529842376709,0.7389726638793945,0.7389725937500007,natural,second,gray
1726,test,-0.5471842288970947,0.20706868171691895,0.2070687109375,natural,first,gray
1728,test,-0.2639498710632324,0.0,0.1289147734374998,natural,first,gray
1733,test,0.420529842376709,0.042548179626464844,0.09022688281249991,natural,second,gray
1739,test,3.2013731002807617,4.50659704208374,4.506596703125,natural,second,positive
1741,test,10.559186935424805,11.3251314163208,11.325131492187499,natural,second,positive
1743,test,-0.0853734016418457,0.0,0.0,natural,second,negative
1761,test,-0.0853734016418457,0.0,0.0,natural,second,negative
1769,test,0.420529842376709,0.0062427520751953125,0.006242507812499909,natural,second,negative
1773,test,0.3816204071044922,0.3984375,0.8337970703124999,natural,second,gray
1781,test,0.10403776168823242,0.0,0.0,natural,second,negative
1789,test,1.0686593055725098,0.5827226638793945,0.5827225937499998,natural,second,gray
1794,test,0.36789703369140625,1.328125,1.4003906250000002,natural,first,gray
1795,test,-1.485978603363037,0.0,0.0,natural,second,negative
1797,test,0.6352076530456543,2.3078274726867676,2.307827484375,natural,second,gray
1801,test,-0.5562474727630615,0.0,0.0,natural,second,negative
1808,test,-0.45299386978149414,0.0,0.0,natural,first,negative
1812,test,0.36789703369140625,1.314453125,1.314453125,natural,first,gray
1819,test,0.5935382843017578,2.4325108528137207,2.4325107499999996,natural,second,positive
1823,test,0.420529842376709,0.27730655670166016,0.27730628906249954,natural,second,gray
1828,test,0.3623237609863281,-0.13361620903015137,0.0,natural,first,negative
1835,test,-0.29045629501342773,-0.31158387660980225,0.0,natural,second,negative
1841,test,0.420529842376709,-0.03010082244873047,0.0,natural,second,negative
1843,test,1.0686593055725098,0.35466504096984863,0.3546650234374997,natural,second,gray
1848,test,0.36789703369140625,0.5973854064941406,0.7329173906249999,natural,first,gray
1851,test,0.6352076530456543,1.980926513671875,1.9809268046875,natural,second,gray
1855,test,0.5935382843017578,2.1157212257385254,2.1157213671874997,natural,second,positive
1869,test,0.6352076530456543,0.21077919006347656,0.21077913281250016,natural,second,gray
1885,test,-1.485978603363037,0.0,0.0,natural,second,negative
1897,test,-0.7121200561523438,0.0,0.0,natural,second,negative
1907,test,-0.29045629501342773,-0.8521414995193481,0.0,natural,second,negative
1913,test,4.723097324371338,5.118961811065674,5.11896184375,natural,second,positive
1920,test,0.36789703369140625,1.3203125,1.4964768828125,natural,first,gray
1939,test,-0.9123737812042236,0.0,0.0,natural,second,negative
1940,test,-0.8493692874908447,0.0,0.0,natural,first,negative
1941,test,0.6352076530456543,0.984870433807373,0.9848705156250004,natural,second,gray
1947,test,0.8747467994689941,0.0,0.0,natural,second,negative
1960,test,-0.6158292293548584,0.0,0.0,natural,first,negative
1961,test,-0.29045629501342773,-1.087245225906372,0.0,natural,second,negative
1964,test,1.4238166809082031,2.300210952758789,2.3002108124999996,natural,first,gray
1967,test,4.723097324371338,4.745569229125977,4.8498511875000005,natural,second,positive
1981,test,0.5935382843017578,1.599863052368164,1.5998630781249998,natural,second,gray
1992,test,-0.2021474838256836,0.6354947090148926,0.6354944296875011,natural,first,gray
1998,test,-0.2043323516845703,0.06093001365661621,0.06093000781249991,natural,first,gray
2021,test,4.723097324371338,3.8246102333068848,3.8777279140624996,natural,second,positive
2022,test,-0.07947969436645508,0.0,0.0,natural,first,negative
2024,test,0.1556682586669922,-0.09608626365661621,0.0,natural,first,negative
2027,test,0.5158376693725586,0.6021788716316223,0.6021789218749999,natural,second,gray
2044,test,-0.6021883487701416,0.0,0.0,natural,first,negative
2045,test,0.5158376693725586,0.33115261793136597,0.3311526015625,natural,second,gray
2049,test,0.965916633605957,0.9642734527587891,0.9642733124999996,natural,second,gray
2056,test,-0.0314030647277832,0.0,0.8545901015624988,natural,first,gray
2057,test,2.8037185668945312,2.777848243713379,3.0481453046875,natural,second,positive
2062,test,-0.6021883487701416,0.0,0.0,natural,first,negative
2080,test,-0.6021883487701416,0.0,0.0,natural,first,negative
2082,test,-0.2021474838256836,-0.5135965347290039,0.0,natural,first,negative
2083,test,-0.9123737812042236,0.0,0.0,natural,second,negative
2094,test,-0.7126073837280273,0.0,0.0,natural,first,negative
2103,test,0.965916633605957,0.7846231460571289,0.7846232734375,natural,second,gray
2115,test,0.4387202262878418,0.0,0.0,natural,second,negative
2122,test,0.02012348175048828,-1.2455244064331055,0.0,natural,first,negative
2123,test,-0.8250546455383301,-0.3175182342529297,0.0,natural,second,negative
2126,test,-0.09622573852539062,0.0007662773132324219,0.0007662656249998179,natural,first,negative
2152,test,3.123995780944824,2.8309478759765625,3.3142113125,natural,first,positive
2164,test,-0.0314030647277832,0.0,0.0,natural,first,negative
2171,test,0.1560988426208496,0.0,0.028193460937501413,natural,second,negative
2174,test,-0.9676153659820557,0.0,0.0,natural,first,negative
2186,test,-0.6294803619384766,-0.14372730255126953,0.0,natural,first,negative
2192,test,-0.9676153659820557,0.0,0.0,natural,first,negative
2196,test,0.4515557289123535,-1.3818588256835938,0.0,natural,first,negative
2197,test,-0.5108590126037598,0.0,0.0,natural,second,negative
2210,test,-0.9676153659820557,0.0,0.0,natural,first,negative
2213,test,-0.45845532417297363,0.0,0.0,natural,second,negative
2214,test,0.4515557289123535,-0.11052438616752625,0.0,natural,first,negative
2216,test,-0.022855758666992188,0.0,0.0,natural,first,negative
2226,test,-0.0485997200012207,-0.3382737636566162,0.0,natural,first,negative
2239,test,-1.1989812850952148,0.0,0.0,natural,second,negative
2242,test,3.123995780944824,3.896017551422119,3.9686665546875,natural,first,positive
2243,test,0.1560988426208496,0.0,0.0,natural,second,negative
2246,test,-0.9676153659820557,0.0,0.0,natural,first,negative
2247,test,0.5887212753295898,0.13924217224121094,0.1618011640625001,natural,second,gray
2257,test,-1.1989812850952148,0.0,0.0,natural,second,negative
2258,test,-0.9650168418884277,0.0,0.0,natural,first,negative
2272,test,-0.29356813430786133,0.0,0.0,natural,first,negative
2273,test,-0.7749457359313965,-0.3592338562011719,0.0,natural,second,negative
2280,test,-0.0485997200012207,0.556145191192627,0.5561451093750001,natural,first,gray
2287,test,-0.5108590126037598,0.0,0.0,natural,second,negative
2289,test,-1.1641364097595215,0.0,0.0,natural,second,negative
2295,test,0.5706667900085449,1.5505943298339844,2.3699903359374996,natural,second,gray
2300,test,-0.9676153659820557,0.0,0.0,natural,first,negative
2305,test,-0.5108590126037598,0.0,0.0,natural,second,negative
2306,test,-0.022855758666992188,0.0,0.0,natural,first,negative
2307,test,-1.1641364097595215,0.0,0.0,natural,second,negative
2315,test,-0.6857161521911621,0.0,0.0,natural,second,negative
2316,test,0.9851703643798828,0.0,0.0,natural,first,negative
2318,test,-0.41285037994384766,0.0,0.0,natural,first,negative
2324,test,-0.022855758666992188,0.0,0.0,natural,first,negative
2331,test,0.5706667900085449,0.8092851638793945,0.8092850937499989,natural,second,gray
2336,test,-0.41285037994384766,0.0,0.08770332031249994,natural,first,gray
2347,test,-1.1989812850952148,0.0,0.0,natural,second,negative
2348,test,-0.9650168418884277,0.0,0.0,natural,first,negative
2359,test,1.054499626159668,0.998084545135498,1.1367562109374996,natural,second,gray
2362,test,-0.29356813430786133,0.0,0.0,natural,first,negative
2364,test,-0.5464029312133789,0.0,0.1295975937499998,natural,first,gray
2375,test,0.6579504013061523,0.0,0.0,natural,second,negative
2377,test,1.054499626159668,0.6992559432983398,0.9355843359375005,natural,second,gray
2380,test,-0.29356813430786133,0.0,0.0,natural,first,negative
2381,test,-0.7749457359313965,0.015344619750976562,0.01534572656249722,natural,second,negative
2391,test,-0.2843165397644043,0.0,0.0,natural,second,negative
2402,test,-0.9650168418884277,0.0,0.0,natural,first,negative
2408,test,-0.41285037994384766,0.0,0.0,natural,first,negative
2418,test,-0.16721868515014648,0.0,0.0,natural,first,negative
2432,test,-0.7117137908935547,0.0,0.0,natural,first,negative
2439,test,0.5000157356262207,0.9393032789230347,0.93930328125,natural,second,gray
2440,test,0.15580224990844727,1.0339694023132324,1.2964169453125,natural,first,gray
2445,test,-0.2843165397644043,0.0,0.0,natural,second,negative
2458,test,0.7353529930114746,-0.036342620849609375,1.0763677031249994,natural,first,gray
2468,test,-0.7117137908935547,0.0,0.0,natural,first,negative
2481,test,-0.2843165397644043,0.0,0.0,natural,second,negative
2486,test,-0.7117137908935547,0.0,0.0,natural,first,negative
2507,test,-1.1811609268188477,0.0,0.0,natural,second,negative
2509,test,-1.5276026725769043,-0.11642074584960938,0.0,natural,second,negative
2512,test,0.7353529930114746,-0.103515625,0.4867112578125008,natural,first,gray
2538,test,-0.913001537322998,0.0,0.0,natural,first,negative
2547,test,0.5000157356262207,1.845057725906372,1.845057765625,natural,second,gray
2551,test,-0.9011790752410889,-2.064995288848877,0.0,natural,second,negative
2573,test,0.3309803009033203,0.3949143886566162,0.3949143828124999,natural,second,gray
2574,test,-0.913001537322998,0.0,0.0,natural,first,negative
2582,test,-0.6391787528991699,0.0,0.0,natural,first,negative
2599,test,0.5367937088012695,1.303425669670105,1.30342571875,natural,second,gray
2603,test,-0.8421881198883057,0.0,0.0,natural,second,negative
2609,test,0.3309803009033203,0.46832919120788574,0.5710787656249998,natural,second,gray
2613,test,0.3630814552307129,0.8006401062011719,0.8006399296875006,natural,second,gray
2621,test,-0.8421881198883057,0.0,0.0,natural,second,negative
2624,test,1.90901517868042,2.3056869506835938,2.3056870546874997,natural,first,gray
2649,test,0.3630814552307129,0.687779426574707,0.687779273437501,natural,second,gray
2657,test,-0.46152281761169434,-0.01953125,0.0,natural,second,negative
2669,test,0.2687411308288574,0.0,0.0,natural,second,negative
2672,test,-0.38873910903930664,0.0,0.0,natural,first,negative
2673,test,-0.05069541931152344,0.0,0.12147688281250169,natural,second,gray
2684,test,-0.04203176498413086,0.0,0.0,natural,first,negative
2690,test,-0.38873910903930664,0.0,0.0,natural,first,negative
2699,test,0.15334177017211914,0.0,0.0,natural,second,negative
2705,test,0.2687411308288574,0.0,0.0,natural,second,negative
2711,test,-0.46152281761169434,-0.25153252482414246,0.0,natural,second,negative
2718,test,-0.20767450332641602,0.16298770904541016,0.1629880234375003,natural,first,gray
2727,test,-0.05069541931152344,0.0,0.03477311718750009,natural,second,negative
2739,test,0.22609567642211914,0.30698585510253906,0.30698629687499945,natural,second,gray
2743,test,0.5367937088012695,1.4068288803100586,1.4068289609375,natural,second,gray
2755,test,3.4028244018554688,1.9455456733703613,2.1585487968749995,natural,second,gray
2760,test,-0.8725895881652832,0.0,0.0,natural,first,negative
2763,test,-0.05069541931152344,0.0,0.0,natural,second,negative
2768,test,-0.6682319641113281,0.0,0.0,natural,first,negative
2774,test,-0.6278417110443115,0.0,0.0,natural,first,negative
2782,test,-0.1374044418334961,0.005859375,0.005859375,natural,first,negative
2796,test,0.3779587745666504,0.0,0.0,natural,first,negative
2799,test,-0.8600432872772217,0.0,0.0,natural,second,negative
2804,test,-0.6682319641113281,0.0,0.0,natural,first,negative
2817,test,-0.8600432872772217,0.0,0.0,natural,second,negative
2837,test,0.1784653663635254,0.0,0.0,natural,second,negative
2842,test,-0.5166809558868408,0.0,0.0,natural,first,negative
2845,test,3.4028244018554688,2.065070152282715,2.0650695468749998,natural,second,gray
2861,test,0.15334177017211914,0.0,0.0,natural,second,negative
2862,test,-0.20767450332641602,0.211395263671875,0.21139555468749993,natural,first,gray
2874,test,0.8930416107177734,0.7601571083068848,1.2526529921874996,natural,first,gray
2876,test,0.13792133331298828,-0.14866161346435547,0.086899593750001,natural,first,gray
2878,test,0.4914698600769043,0.7806797027587891,0.7806795625,natural,first,gray
2885,test,1.831629753112793,2.2403175830841064,2.2403178203125,natural,second,gray
2892,test,0.8930416107177734,1.7963504791259766,2.14979125,natural,first,gray
2921,test,1.831629753112793,0.37373828887939453,0.3737382187499998,natural,second,gray
2927,test,0.1784653663635254,0.0,0.0,natural,second,negative
2929,test,0.031510353088378906,-0.13779306411743164,0.03481057812499966,natural,second,negative
2932,test,0.4914698600769043,1.0098867416381836,1.0098865312499998,natural,first,gray
2933,test,0.15697956085205078,0.0,0.0,natural,second,negative
2948,test,0.13792133331298828,0.4618244171142578,0.4618246718750001,natural,first,gray
2950,test,0.4914698600769043,0.3967552185058594,0.39675512499999943,natural,first,gray
2958,test,0.6755733489990234,0.0,0.5243246718749999,natural,first,gray
2965,test,0.031510353088378906,0.1758561134338379,0.17585617187500002,natural,second,gray
2967,test,-0.5801405906677246,0.0,0.0,natural,second,negative
2982,test,0.8930416107177734,0.4715151786804199,1.2659042734375001,natural,first,gray
2984,test,0.13792133331298828,0.001728057861328125,0.13120504687499945,natural,first,gray
2985,test,-0.5801405906677246,0.0,0.0,natural,second,negative
2986,test,0.4914698600769043,0.09444117546081543,0.16444563281250035,natural,first,gray
3001,test,0.031510353088378906,-0.07452774047851562,0.1636793671875001,natural,second,gray
3008,test,0.21217584609985352,-0.5108026266098022,0.0,natural,first,negative
3014,test,-0.5514340400695801,0.0,0.0,natural,first,negative
3018,test,-0.06403350830078125,0.0,0.07985335937499993,natural,first,gray
3019,test,-0.012753486633300781,0.0,0.0,natural,second,negative
3046,test,-0.8296627998352051,0.0,0.0,natural,first,negative
3049,test,-0.4117913246154785,0.34375,0.34375,natural,second,gray
3064,test,-0.8296627998352051,0.0,0.0,natural,first,negative
3071,test,-1.2694692611694336,0.0,0.0,natural,second,negative
3076,test,-0.08060741424560547,0.0,0.0,natural,first,negative
3085,test,-0.4117913246154785,0.011335611343383789,0.011335617187499647,natural,second,negative
3098,test,-0.27482175827026367,0.0,0.0,natural,first,negative
3115,test,0.12034177780151367,-0.5635366439819336,0.06690176562500127,natural,second,gray
3117,test,-0.44541358947753906,0.39254069328308105,0.9285381015625,natural,second,gray
3118,test,0.28113555908203125,0.21599316596984863,0.21599314843749973,natural,first,gray
3119,test,0.3150029182434082,0.0,0.0,natural,second,negative
3126,test,-0.06403350830078125,0.0,0.11691675000000057,natural,first,gray
3138,test,1.7468767166137695,0.0,2.6026080390625,natural,first,gray
3139,test,-0.11340904235839844,0.0,0.0,natural,second,negative
3146,test,-1.1856908798217773,0.0,0.0,natural,first,negative
3155,test,0.3150029182434082,0.0,0.0,natural,second,negative
3156,test,1.7468767166137695,0.0,2.6455393281249995,natural,first,gray
3158,test,1.2543258666992188,1.5154376029968262,1.5154376953125004,natural,first,gray
3168,test,13.821577072143555,14.47697925567627,14.761024039062498,natural,first,positive
3172,test,0.28113555908203125,0.05740690231323242,0.05740689062500004,natural,first,gray
3177,test,0.3548154830932617,0.0,1.0778253125,natural,second,gray
3178,test,-0.8274848461151123,0.0,0.0,natural,first,negative
3186,test,13.821577072143555,14.217979431152344,14.477745992187499,natural,first,positive
3190,test,0.28113555908203125,0.19684505462646484,0.19684503124999964,natural,first,gray
3195,test,0.3548154830932617,0.0,0.7962296406250005,natural,second,gray
3196,test,-0.8274848461151123,0.0,0.0,natural,first,negative
3200,test,-1.1856908798217773,0.0,0.0,natural,first,negative
3202,test,-0.08060741424560547,0.0,0.0,natural,first,negative
3210,test,1.7468767166137695,0.0,3.0029237421875,natural,first,positive
3211,test,-0.11340904235839844,0.0,0.0,natural,second,negative
3218,test,-0.8668789863586426,0.0,0.0,natural,first,negative
3229,test,-0.11340904235839844,0.0,0.0,natural,second,negative
3237,test,-0.745659351348877,0.7148062586784363,1.1748191562499999,natural,second,gray
3238,test,-0.6731281280517578,0.3344426155090332,0.33444242968749993,natural,first,gray
3239,test,0.5414690971374512,0.0,0.0,natural,second,negative
3247,test,-0.11340904235839844,0.0,0.0,natural,second,negative
3256,test,-0.6731281280517578,-0.18114519119262695,0.03438998437500018,natural,first,negative
3268,test,-0.8274848461151123,0.0,0.0,natural,first,negative
3273,test,-0.745659351348877,-0.8647763133049011,0.0,natural,second,negative
3279,test,-1.557389736175537,0.0,0.0,natural,second,negative
3291,test,-0.745659351348877,-0.061388060450553894,0.17175409375000006,natural,second,gray
3304,test,-0.8274848461151123,0.0,0.0,natural,first,negative
3306,test,-0.03947734832763672,-1.152960181236267,0.0,natural,first,negative
3314,test,-0.08681821823120117,-0.8408060073852539,0.0,natural,first,negative
3315,test,-1.557389736175537,0.0,0.0,natural,second,negative
3316,test,0.1319127082824707,0.0,0.0,natural,first,negative
3345,test,-0.745659351348877,0.19722819328308105,0.9751798125000001,natural,second,gray
3354,test,3.66483736038208,5.096019744873047,5.096019859375001,natural,first,positive
3358,test,1.7642922401428223,2.4191384315490723,2.4191385625000006,natural,first,positive
3363,test,-0.745659351348877,-0.6023287773132324,0.0,natural,second,negative
3373,test,0.14719915390014648,0.0,0.0,natural,second,negative
3377,test,-0.08593416213989258,0.47966480255126953,0.4796650234375006,natural,second,gray
3384,test,-0.5985684394836426,-0.2518782615661621,0.0,natural,first,negative
3391,test,0.14719915390014648,0.0,0.0,natural,second,negative
3392,test,1.8268122673034668,1.7735786437988281,1.7735788203124994,natural,first,gray
3396,test,0.7672691345214844,0.1800708770751953,0.1800706328124999,natural,first,gray
3398,test,-1.4159820079803467,0.0,0.0,natural,first,negative
3408,test,3.66483736038208,4.7378692626953125,4.737869179687499,natural,first,positive
3412,test,1.7642922401428223,2.4483981132507324,2.4483979765625,natural,first,positive
3416,test,-1.4159820079803467,0.0,0.0,natural,first,negative
3419,test,0.07617521286010742,0.0,0.0,natural,second,negative
3433,test,-0.5675783157348633,0.0,0.0,natural,second,negative
3437,test,0.07617521286010742,0.0,0.013746796875000022,natural,second,negative
3440,test,-0.08681821823120117,-0.2803339958190918,0.0,natural,first,negative
3445,test,0.14719915390014648,0.0,0.0,natural,second,negative
3451,test,-0.5675783157348633,0.0,0.0,natural,second,negative
3454,test,0.31310606002807617,0.06368684768676758,0.06368685937499974,natural,first,gray
3473,test,0.07617521286010742,0.0,0.0,natural,second,negative
3474,test,4.259598255157471,6.3798017501831055,6.3798019453125,natural,first,positive
3484,test,1.7642922401428223,3.550614356994629,3.5506143593750004,natural,first,positive
3487,test,-0.5675783157348633,0.0,0.0,natural,second,negative
3499,test,7.633617877960205,9.614839553833008,9.614839351562498,natural,second,positive
3504,test,0.7672691345214844,0.5045976638793945,0.5045975937499998,natural,first,gray
3515,test,0.1707005500793457,0.0,0.0,natural,second,negative
3520,test,1.7642922401428223,3.0362887382507324,3.0362886015625,natural,first,positive
3525,test,-0.24651622772216797,0.0,0.0,natural,second,negative
3529,test,-1.333695650100708,-1.204012155532837,0.0,natural,second,negative
3530,test,0.4551668167114258,0.0,0.0,natural,first,negative
3536,test,-0.0006413459777832031,0.0,0.0,natural,first,negative
3540,test,0.7672691345214844,0.4565730094909668,0.45657319531250007,natural,first,gray
3550,test,0.6472063064575195,0.0,0.0,natural,first,negative
3551,test,0.1707005500793457,0.0,0.0,natural,second,negative
3559,test,-0.37130165100097656,0.09528255462646484,0.09528253124999986,natural,second,gray
3562,test,0.31310606002807617,-0.008578777313232422,0.0,natural,first,negative
3563,test,0.07617521286010742,0.0,0.0,natural,second,negative
3564,test,4.259598255157471,5.0967864990234375,5.0967861249999995,natural,first,positive
3566,test,0.4551668167114258,0.0,0.0,natural,first,negative
3570,test,-0.32174205780029297,0.0,0.0,natural,first,negative
3574,test,-1.3090827465057373,0.0,0.0,natural,first,negative
3582,test,4.259598255157471,4.497980117797852,4.4979804765625,natural,first,positive
3585,test,0.2374725341796875,-0.26183104515075684,0.0,natural,second,negative
3587,test,0.1707005500793457,0.0,0.0,natural,second,negative
3588,test,-0.32174205780029297,0.0,0.0,natural,first,negative
3597,test,0.23769140243530273,0.533203125,0.9374625390625004,natural,second,gray
3599,test,1.0151991844177246,2.1702215671539307,2.1702215625,natural,second,positive
3600,test,4.259598255157471,3.9527881145477295,3.9527878515625,natural,first,positive
3610,test,-1.3090827465057373,0.0,0.77328765625,natural,first,gray
3615,test,0.23769140243530273,0.13989639282226562,0.7410381015625003,natural,second,gray
3617,test,1.0151991844177246,1.7754197120666504,1.7754195625000002,natural,second,gray
3619,test,-0.22565841674804688,0.0,0.0,natural,second,negative
3622,test,0.6472063064575195,0.0,0.0,natural,first,negative
3639,test,0.27452564239501953,0.3073234558105469,0.3073234453125,natural,second,gray
3645,test,0.5810136795043945,0.0,0.0,natural,second,negative
3656,test,-0.41356658935546875,0.0,0.0,natural,first,negative
3661,test,7.633617877960205,8.170097351074219,8.1700972890625,natural,second,positive
3664,test,-1.3090827465057373,0.0,1.1048608515625,natural,first,gray
3666,test,-0.10812091827392578,0.0,0.0,natural,first,negative
3669,test,0.23769140243530273,0.6058521270751953,0.7913987578124999,natural,second,gray
3670,test,-0.4078335762023926,0.0,0.0,natural,first,negative
3680,test,-0.0006413459777832031,0.0,0.0,natural,first,negative
3695,test,-0.22504806518554688,0.018186092376708984,0.018186023437500864,natural,second,negative
3704,test,-0.35608530044555664,0.0,0.07146189843750017,natural,first,gray
3714,test,1.4093775749206543,2.5304548740386963,2.5304547968750004,natural,first,positive
3723,test,0.23769140243530273,0.5211009979248047,1.0949368593750002,natural,second,gray
3724,test,-0.4078335762023926,0.0,0.26087756250000016,natural,first,gray
3750,test,1.4093775749206543,1.043585181236267,1.0435851718749998,natural,first,gray
3755,test,-0.1845536231994629,0.09873068332672119,0.09873072656250015,natural,second,gray
3764,test,-0.41356658935546875,0.0,0.0,natural,first,negative
3773,test,-0.1845536231994629,0.8166019916534424,0.8166020781249999,natural,second,gray
3776,test,-0.782567024230957,0.0,0.0,natural,first,negative
3781,test,-0.22565841674804688,0.0,0.0,natural,second,negative
3782,test,-0.41356658935546875,0.0,0.0,natural,first,negative
3784,test,1.3235883712768555,0.3054165840148926,0.4710113359374999,natural,first,gray
3785,test,-0.22504806518554688,0.5251197814941406,0.5251198749999997,natural,second,gray
3787,test,7.808609485626221,10.17480754852295,10.174807265625,natural,second,positive
3792,test,-0.14259958267211914,-0.4147167205810547,0.16367936718750187,natural,first,gray
3793,test,2.0870847702026367,0.0,0.0,natural,second,negative
3798,test,-0.6766092777252197,0.0,0.0,natural,first,negative
3804,test,1.4093775749206543,1.6938636302947998,1.6938634140625002,natural,first,gray
3805,test,7.808609485626221,9.89324951171875,9.8932490546875,natural,second,positive
3807,test,-0.31059980392456055,0.0,0.25114939843750017,natural,second,gray
3831,test,-0.7603263854980469,0.0,0.0,natural,second,negative
3832,test,0.27764081954956055,0.14725062251091003,0.14725064062499998,natural,first,gray
3834,test,-0.6766092777252197,0.0,0.0,natural,first,negative
3849,test,-0.7603263854980469,0.0,0.0,natural,second,negative
3857,test,-0.7255303859710693,0.0,0.0,natural,second,negative
3860,test,2.9185004234313965,2.6436986923217773,2.6436985859375,natural,first,positive
3876,test,-0.5103251934051514,0.0,0.0,natural,first,negative
3890,test,0.10628509521484375,0.2923523187637329,0.3739629843750003,natural,first,gray
3892,test,0.07167577743530273,0.0,0.0,natural,first,negative
3902,test,-0.782567024230957,0.0,0.0,natural,first,negative
3907,test,-1.7391357421875,0.0,0.0,natural,second,negative
3909,test,-0.16832876205444336,0.0,0.0,natural,second,negative
3916,test,0.35904455184936523,-0.24743890762329102,0.02327913281250016,natural,first,negative
3924,test,-0.6766092777252197,0.0,0.02968000781249991,natural,first,negative
3926,test,0.10628509521484375,0.42041754722595215,0.830153046875,natural,first,gray
3938,test,0.22254610061645508,0.0,0.0,natural,first,negative
3942,test,-0.6766092777252197,0.0,0.0,natural,first,negative
3948,test,-0.5103251934051514,0.0,0.0,natural,first,negative
3959,test,1.130810260772705,0.08823585510253906,0.7624475546875003,natural,second,gray
3962,test,0.10628509521484375,0.18921983242034912,0.5567904687500003,natural,first,gray
3981,test,-0.16832876205444336,0.0,0.0,natural,second,negative
3982,test,0.07167577743530273,0.0,0.0,natural,first,negative
3995,test,1.130810260772705,-0.3273587226867676,1.5224839296874997,natural,second,gray
3998,test,-0.6443383693695068,0.0,0.07969499218750009,natural,first,gray
4006,test,0.39252281188964844,0.0,0.0,predicted_high_regret,second,negative
4012,test,0.8254189491271973,-0.22376811504364014,0.0,predicted_high_regret,first,negative
4019,test,-1.6393024921417236,-0.5408656597137451,0.0,predicted_high_regret,second,negative
4020,test,2.1157736778259277,0.0,0.0,predicted_high_regret,second,negative
4022,test,0.567389965057373,0.0,0.0,predicted_high_regret,second,negative
4036,test,0.3790855407714844,0.5323991775512695,0.5323993984375002,predicted_high_regret,second,gray
4045,test,1.0898265838623047,0.9140625,1.0578274843749997,predicted_high_regret,second,gray
4053,test,-0.19683361053466797,0.2909407615661621,1.1041695078124998,predicted_high_regret,first,gray
4056,test,-1.2099688053131104,0.0,0.0,predicted_high_regret,first,negative
4061,test,-0.4548356533050537,0.0,0.0,predicted_high_regret,first,negative
4063,test,-0.6419253349304199,0.22418880462646484,0.22418878124999964,predicted_high_regret,first,gray
4066,test,1.0319466590881348,-1.6603896617889404,1.291240390625,predicted_high_regret,second,gray
4067,test,-1.3269803524017334,-1.0122603178024292,0.0,predicted_high_regret,second,negative
4070,test,0.46611595153808594,-0.4432845115661621,0.6382138203125003,predicted_high_regret,first,gray
4071,test,-0.6630759239196777,-1.1631462574005127,0.0,predicted_high_regret,first,negative
4078,test,1.9676566123962402,1.015091896057129,1.0150920234375,predicted_high_regret,second,gray
4091,test,-0.5329878330230713,0.0,0.16325877343750006,predicted_high_regret,second,gray
4095,test,2.9667410850524902,3.709779739379883,3.7097795781249996,predicted_high_regret,second,positive
4097,test,0.2704143524169922,0.0,0.0,predicted_high_regret,first,negative
4103,test,-0.3671455383300781,-1.669313907623291,0.0,predicted_high_regret,first,negative
4105,test,3.0924205780029297,3.364980697631836,3.3649806718749997,predicted_high_regret,first,positive
4108,test,0.7707500457763672,0.0,1.6803039218750002,predicted_high_regret,first,gray
4122,test,2.1783409118652344,0.10661792755126953,0.10661814843749973,predicted_high_regret,second,gray
4125,test,-0.4361691474914551,0.0,0.0,predicted_high_regret,second,negative
4137,test,0.6202168464660645,0.8810548782348633,1.0174742656250002,predicted_high_regret,second,gray
4141,test,0.7609081268310547,0.12771940231323242,0.12771939062499982,predicted_high_regret,second,gray
4150,test,0.7871227264404297,1.4705157279968262,1.5169702265625,predicted_high_regret,first,gray
4153,test,0.07051992416381836,0.0,0.0,predicted_high_regret,first,negative
4156,test,-0.33858680725097656,0.0,0.2550556484375006,predicted_high_regret,first,gray
4159,test,-1.9345321655273438,-0.035538673400878906,0.0,predicted_high_regret,second,negative
4162,test,1.6324024200439453,1.599076271057129,1.5990763984375,predicted_high_regret,second,gray
4168,test,-1.1117417812347412,0.0,3.3301615703125,predicted_high_regret,second,positive
4178,test,-0.1515049934387207,0.0,0.0,predicted_high_regret,second,negative
4181,test,-0.31795835494995117,-0.2741662859916687,0.0,predicted_high_regret,second,negative
4184,test,0.8740119934082031,0.5987682342529297,0.9141374218750002,predicted_high_regret,second,gray
4193,test,0.07194042205810547,0.2659706473350525,0.3609075312500001,predicted_high_regret,second,gray
4196,test,1.6907262802124023,0.07551813125610352,0.07551799218749977,predicted_high_regret,second,gray
4219,test,4.434837818145752,3.198918342590332,3.2524197031249997,predicted_high_regret,second,positive
4235,test,-0.0808110237121582,-0.8198714256286621,0.15502567968750025,predicted_high_regret,second,gray
4238,test,2.39168119430542,0.0,3.7260005859375,predicted_high_regret,first,positive
4240,test,-0.2826519012451172,0.0,0.0,predicted_high_regret,first,negative
4253,test,4.038759708404541,4.913351058959961,5.3437295859375,predicted_high_regret,second,positive
4268,test,-0.07815980911254883,0.0,0.0,predicted_high_regret,first,negative
4273,test,-0.5603830814361572,0.0,0.0,predicted_high_regret,second,negative
4277,test,-0.11197376251220703,0.0,0.0,predicted_high_regret,first,negative
4280,test,3.4827699661254883,3.024287223815918,3.0242872109375005,predicted_high_regret,second,positive
4291,test,0.16410017013549805,0.0,0.6914351874999998,predicted_high_regret,first,gray
4295,test,0.6264219284057617,0.0,1.2021714296875006,predicted_high_regret,first,gray
4297,test,0.1893458366394043,0.13943815231323242,0.13943814062499982,predicted_high_regret,first,gray
4312,test,-0.1389322280883789,0.0,0.0,predicted_high_regret,first,negative
4314,test,-0.3815131187438965,-0.02734375,0.0,predicted_high_regret,second,negative
4320,test,0.47467470169067383,0.0,0.0,predicted_high_regret,first,negative
4325,test,0.23444747924804688,-0.8966137766838074,0.07673378906250017,predicted_high_regret,second,gray
4329,test,2.4271950721740723,2.9929251670837402,2.992924828125,predicted_high_regret,first,positive
4340,test,0.1045989990234375,0.962395191192627,0.9623951093750005,predicted_high_regret,second,gray
4341,test,1.1959800720214844,0.0,0.0,predicted_high_regret,first,negative
4356,test,-0.40163564682006836,0.0,0.0,predicted_high_regret,first,negative
4365,test,-0.8394715785980225,0.0,0.0,predicted_high_regret,second,negative
4369,test,0.1148681640625,1.5894150733947754,1.589414632812499,predicted_high_regret,second,gray
4384,test,0.3997507095336914,0.4366587996482849,0.89870825,predicted_high_regret,first,gray
4385,test,0.8693013191223145,-0.09099340438842773,0.13825128125000008,predicted_high_regret,first,gray
4389,test,1.2292046546936035,-0.1371021270751953,0.22771189843749973,predicted_high_regret,first,gray
4399,test,-1.575927495956421,0.0,0.0,predicted_high_regret,second,negative
4405,test,-0.10407257080078125,0.0,1.3166395390624999,predicted_high_regret,first,gray
4428,test,0.3633856773376465,0.4756838083267212,0.6245044843750001,predicted_high_regret,second,gray
4434,test,-0.15779876708984375,-0.07421875,0.0,predicted_high_regret,second,negative
4443,test,1.9085330963134766,-4.5594096183776855,0.0,predicted_high_regret,second,negative
4445,test,2.0367212295532227,3.5953283309936523,3.595328515625,predicted_high_regret,second,positive
4464,test,1.4183788299560547,4.581544399261475,5.171275625,predicted_high_regret,first,positive
4473,test,0.8208470344543457,0.30660295486450195,2.9841042499999997,predicted_high_regret,second,positive
4477,test,1.5758943557739258,-0.24372002482414246,0.0,predicted_high_regret,first,negative
4486,test,2.4908828735351562,3.612952709197998,4.4331527421875,predicted_high_regret,first,positive
4489,test,1.5812921524047852,2.1971535682678223,2.1971532421875004,predicted_high_regret,second,gray
4494,test,3.4832215309143066,2.8292081356048584,3.0080543125,predicted_high_regret,second,positive
4495,test,1.3625822067260742,0.21683430671691895,0.8139576093750005,predicted_high_regret,second,gray
4502,test,0.5762295722961426,-1.4338264465332031,0.40621253906249954,predicted_high_regret,second,gray
4513,test,-0.9027273654937744,0.12028980255126953,0.492495710937499,predicted_high_regret,first,gray
4520,test,4.615143299102783,4.210029602050781,4.210029914062501,predicted_high_regret,second,positive
4522,test,-0.7056589126586914,0.02734375,0.02734375,predicted_high_regret,first,negative
4530,test,0.573122501373291,0.5868539810180664,0.5868536093749999,predicted_high_regret,second,gray
4547,test,-0.5809144973754883,-1.7118622064590454,0.0,predicted_high_regret,first,negative
4549,test,0.03370189666748047,0.0,0.48587007031249996,predicted_high_regret,first,gray
4554,test,-1.2602331638336182,0.0,0.0,predicted_high_regret,first,negative
4557,test,-0.6821208000183105,0.1624550223350525,0.1624550468749999,predicted_high_regret,second,gray
4567,test,0.715153694152832,0.0,0.0,predicted_high_regret,first,negative
4569,test,0.6059794425964355,0.19841501116752625,0.395867953125,predicted_high_regret,first,gray
4602,test,2.945326805114746,5.334246635437012,5.3342466015625005,predicted_high_regret,first,positive
4604,test,-0.4243655204772949,0.13434505462646484,0.13434503124999964,predicted_high_regret,first,gray
4613,test,1.300612449645996,0.24176692962646484,0.24176690624999964,predicted_high_regret,first,gray
4622,test,0.10248184204101562,1.3056871891021729,1.3056870546874997,predicted_high_regret,second,gray
4628,test,-0.024399280548095703,0.0,0.0,predicted_high_regret,second,negative
4637,test,0.2275395393371582,0.0,0.0,predicted_high_regret,first,negative
4640,test,-0.8139655590057373,-3.0605554580688477,0.4350888203124992,predicted_high_regret,first,gray
4655,test,0.7307901382446289,0.0,0.0,predicted_high_regret,second,negative
4672,test,-0.41569089889526367,0.0,0.0,predicted_high_regret,first,negative
4687,test,-0.15767955780029297,0.0,0.0,predicted_high_regret,first,negative
4695,test,1.1029610633850098,0.16988444328308105,0.1698844140625,predicted_high_regret,second,gray
4701,test,-3.01934814453125,-0.5671353340148926,0.0,predicted_high_regret,first,negative
4704,test,0.42580223083496094,0.0,0.9134171406249996,predicted_high_regret,first,gray
4707,test,1.3558273315429688,0.0,1.3947270781249999,predicted_high_regret,first,gray
4715,test,-1.7425074577331543,0.0,0.0,predicted_high_regret,second,negative
4717,test,2.698878765106201,5.885278701782227,5.8852781875,predicted_high_regret,first,positive
4722,test,-0.015027046203613281,2.7476348876953125,2.7476348046875,predicted_high_regret,second,gray
4723,test,-0.542048454284668,-0.6932468414306641,0.0,predicted_high_regret,first,negative
4724,test,0.03458881378173828,0.0,0.0,predicted_high_regret,first,negative
4742,test,-0.47208499908447266,0.07042491436004639,0.07042488281250003,predicted_high_regret,first,gray
4757,test,0.7528009414672852,1.7343006134033203,1.7343000781250009,predicted_high_regret,first,gray
4758,test,-0.1843867301940918,0.25505566596984863,0.25505564843750017,predicted_high_regret,first,gray
4762,test,-1.0497055053710938,-0.3378157615661621,0.3440956718749999,predicted_high_regret,first,gray
4771,test,4.31320333480835,0.0,1.9751508750000002,predicted_high_regret,second,gray
4806,test,3.8582940101623535,2.9406485557556152,2.9621328828125,predicted_high_regret,second,positive
4814,test,0.05348348617553711,0.0,0.14139126562499982,predicted_high_regret,second,gray
4819,test,4.89113187789917,-1.2267956733703613,0.0,predicted_high_regret,first,negative
4824,test,0.8592042922973633,0.5382962226867676,0.5382962343750002,predicted_high_regret,first,gray
4832,test,0.6665744781494141,0.0,0.0,predicted_high_regret,second,negative
4838,test,1.3341741561889648,2.368037223815918,2.4492647343750003,predicted_high_regret,first,gray
4846,test,-0.23488759994506836,-0.08203125,0.5724989140624999,predicted_high_regret,first,gray
4848,test,-1.357295274734497,0.2667742967605591,1.2353575078125,predicted_high_regret,second,gray
4864,test,2.695554256439209,0.4254732131958008,1.7131613750000003,predicted_high_regret,first,gray
4865,test,0.7734832763671875,0.0,2.9318824375,predicted_high_regret,second,positive
4873,test,-1.4422709941864014,0.0,0.0,predicted_high_regret,second,negative
4878,test,-0.20577526092529297,0.32146167755126953,0.39602632031250007,predicted_high_regret,second,gray
4879,test,-0.1646571159362793,0.0,0.060546875,predicted_high_regret,second,gray
4881,test,1.8082966804504395,0.0,0.0,predicted_high_regret,second,negative
4882,test,-1.4055867195129395,0.0,0.0,predicted_high_regret,second,negative
4892,test,2.032714366912842,0.33179759979248047,1.0992262421875,predicted_high_regret,second,gray
4893,test,-0.11585235595703125,-0.9280052185058594,0.0,predicted_high_regret,second,negative
4896,test,-2.269257068634033,-1.1883039474487305,0.0,predicted_high_regret,first,negative
4897,test,0.48666954040527344,0.41670697927474976,1.0073544453125,predicted_high_regret,first,gray
4900,test,0.5579562187194824,1.177238941192627,1.5834513984374996,predicted_high_regret,first,gray
4902,test,0.7470755577087402,-0.18432259559631348,0.0,predicted_high_regret,second,negative
4904,test,0.9492616653442383,2.5005416870117188,2.5005414999999998,predicted_high_regret,first,gray
4912,test,1.3448677062988281,0.4272761344909668,0.4272763203124996,predicted_high_regret,second,gray
4926,test,-1.0210621356964111,-0.3878307342529297,0.9873651406250001,predicted_high_regret,second,gray
4927,test,-1.1289091110229492,-1.5963196754455566,0.0,predicted_high_regret,second,negative
4938,test,2.635143280029297,0.0,1.8673458671874994,predicted_high_regret,second,gray
4947,test,-0.48708367347717285,0.03339052200317383,0.0333904296875005,predicted_high_regret,second,negative
4967,test,-1.4693214893341064,0.11757040023803711,0.33861942968750025,predicted_high_regret,first,gray
4969,test,-5.755653381347656,-2.5544629096984863,0.0,predicted_high_regret,second,negative
4971,test,-0.6369166374206543,0.103515625,0.103515625,predicted_high_regret,second,gray
4978,test,1.6370882987976074,2.66096830368042,2.6609685,predicted_high_regret,first,gray
4982,test,2.894064426422119,-0.15310999751091003,0.21090003906249993,predicted_high_regret,first,gray
4983,test,-0.3947591781616211,-1.8814009428024292,0.38697245312500017,predicted_high_regret,first,gray
4986,test,0.6473388671875,-3.8924367427825928,0.0,predicted_high_regret,second,negative
4990,test,2.089596748352051,4.520847320556641,4.5208475390625,predicted_high_regret,second,positive
4992,test,1.9791569709777832,2.389559030532837,2.389559046875,predicted_high_regret,second,positive
5009,test,0.11652755737304688,-0.36167335510253906,0.0,predicted_high_regret,second,negative
5011,test,0.6413798332214355,0.0,0.8596832109374999,predicted_high_regret,second,gray
5017,test,0.04436159133911133,1.0835638046264648,2.8293953046875,predicted_high_regret,first,gray
5022,test,1.2830305099487305,1.0554537773132324,1.0554537656249998,predicted_high_regret,first,gray
5025,test,-0.7608399391174316,1.0826475620269775,1.0826476718750002,predicted_high_regret,first,gray
5044,test,1.5212712287902832,0.9038013815879822,0.903801359375,predicted_high_regret,first,gray
5045,test,2.1949377059936523,1.431258201599121,1.4312574921874983,predicted_high_regret,first,gray
5047,test,-0.48171424865722656,0.1722574234008789,0.4762628124999999,predicted_high_regret,second,gray
5060,test,1.1898865699768066,1.4846086502075195,3.0687884921874997,predicted_high_regret,second,positive
5063,test,-1.0800049304962158,0.9494894742965698,0.9494894999999999,predicted_high_regret,second,gray
5080,test,2.070260524749756,0.0,0.0,predicted_high_regret,second,negative
5081,test,0.3573617935180664,0.09256313741207123,0.09256314062500001,predicted_high_regret,second,gray
5087,test,-0.2223811149597168,0.0,0.0,predicted_high_regret,second,negative
5090,test,-0.72991943359375,0.27768945693969727,0.27768942187500034,predicted_high_regret,second,gray
5092,test,2.599860668182373,-2.2419252395629883,0.0,predicted_high_regret,second,negative
5107,test,2.9842581748962402,0.0,5.06514446875,predicted_high_regret,second,positive
5116,test,-2.1737711429595947,-1.5743770599365234,0.0,predicted_high_regret,first,negative
5122,test,-0.22261857986450195,-0.4240989685058594,0.15192315624999964,predicted_high_regret,first,gray
5128,test,-0.9834604263305664,0.021372318267822266,0.19018192968750025,predicted_high_regret,first,gray
5142,test,0.4752645492553711,0.21285343170166016,0.21285316406249954,predicted_high_regret,first,gray
5144,test,1.049300193786621,2.8320772647857666,2.8320772343750003,predicted_high_regret,first,positive
5145,test,5.008743762969971,0.0,0.0,predicted_high_regret,first,negative
5149,test,2.683518886566162,0.5378007888793945,0.5378007187500002,predicted_high_regret,second,gray
5154,test,0.3998746871948242,-0.0038312673568725586,0.02194242968749993,predicted_high_regret,second,negative
5159,test,0.5575690269470215,-0.747280478477478,0.0,predicted_high_regret,first,negative
5166,test,0.8618183135986328,0.0,0.8802889374999996,predicted_high_regret,second,gray
5167,test,-0.3578224182128906,-0.22928190231323242,0.0,predicted_high_regret,second,negative
5169,test,-0.8759498596191406,0.0,0.0,predicted_high_regret,second,negative
5181,test,-0.40369081497192383,0.13595199584960938,0.13595248437500018,predicted_high_regret,first,gray
5182,test,0.15446758270263672,1.647371768951416,1.6473715468749996,predicted_high_regret,second,gray
5215,test,-4.493196964263916,-1.748671531677246,0.0,predicted_high_regret,first,negative
5218,test,-3.930945634841919,12.384650230407715,12.384649875000001,predicted_high_regret,first,positive
5226,test,-2.537402629852295,-0.5662939548492432,0.01642872656249983,predicted_high_regret,second,negative
5227,test,0.12208747863769531,-0.06054675579071045,0.06706013281250023,predicted_high_regret,second,gray
5230,test,0.9894442558288574,-4.228411674499512,0.0,predicted_high_regret,second,negative
5232,test,0.8056850433349609,0.32230281829833984,0.3703274843749993,predicted_high_regret,second,gray
5237,test,1.5300378799438477,10.567093849182129,10.5670942265625,predicted_high_regret,first,positive
5244,test,-1.7339115142822266,0.0,3.154821328125,predicted_high_regret,first,positive
5245,test,-1.8497717380523682,-0.5319414138793945,0.0,predicted_high_regret,first,negative
5248,test,0.40750551223754883,-0.13556957244873047,0.0,predicted_high_regret,second,negative
5265,test,2.1728763580322266,1.9816350936889648,1.9816351953124998,predicted_high_regret,first,gray
5280,test,-0.24329805374145508,-0.09172195196151733,0.09030180468750015,predicted_high_regret,first,gray
5292,test,-0.7982883453369141,1.9196221828460693,1.9196221875,predicted_high_regret,first,gray
5303,test,-0.17164850234985352,0.0,0.85964575,predicted_high_regret,second,gray
5318,test,1.7913861274719238,-1.311509132385254,0.0,predicted_high_regret,first,negative
5325,test,0.11192178726196289,0.0,0.0,predicted_high_regret,second,negative
5339,test,-2.491154909133911,-0.9322943687438965,0.31089254687500034,predicted_high_regret,first,gray
5347,test,0.7504491806030273,0.2624473571777344,0.26244755468750025,predicted_high_regret,first,gray
5363,test,5.529641628265381,12.328534126281738,12.328533703125,predicted_high_regret,second,positive
5366,test,1.7013678550720215,-1.3869524002075195,0.7514201484375,predicted_high_regret,first,gray
5367,test,4.162918567657471,-0.8823165893554688,0.0,predicted_high_regret,first,negative
5368,test,0.03746509552001953,-0.11401081085205078,0.0,predicted_high_regret,first,negative
5371,test,-0.44103002548217773,0.0,0.0,predicted_high_regret,second,negative
5372,test,2.703850746154785,0.0,0.3386568906249998,predicted_high_regret,second,gray
5373,test,-10.755186080932617,0.0,0.0,predicted_high_regret,first,negative
5376,test,-1.1622164249420166,0.2743077278137207,1.0661269765624999,predicted_high_regret,first,gray
5379,test,-0.008929252624511719,0.5726487636566162,0.5726487578124999,predicted_high_regret,second,gray
5380,test,2.4552831649780273,0.37691566348075867,0.3993995937500002,predicted_high_regret,first,gray
5383,test,-12.279109001159668,-6.780621528625488,0.0,predicted_high_regret,second,negative
5384,test,1.4437503814697266,0.6202151775360107,0.6202151015625001,predicted_high_regret,second,gray
5399,test,-0.8937106132507324,-0.17302441596984863,0.0,predicted_high_regret,second,negative
5402,test,0.7024240493774414,2.9379289150238037,4.05177228125,predicted_high_regret,second,positive
5405,test,-2.040884494781494,-1.737635612487793,0.7155350937499989,predicted_high_regret,second,gray
5424,test,3.8813929557800293,-1.8038549423217773,0.22985232812499845,predicted_high_regret,first,gray
5430,test,-1.613699197769165,-1.730094075202942,1.2514780234374996,predicted_high_regret,second,gray
5433,test,0.7340302467346191,0.0,0.24215003906249954,predicted_high_regret,first,gray
5438,test,-0.6357645988464355,0.0,0.0,predicted_high_regret,second,negative
5451,test,-1.1336159706115723,0.0,3.336824671875,predicted_high_regret,first,positive
5453,test,-0.890195369720459,-0.0842551589012146,0.0,predicted_high_regret,second,negative
5454,test,0.8365249633789062,0.0,2.5138677031249994,predicted_high_regret,first,gray
5459,test,-0.37013769149780273,4.474084854125977,4.5803199375,predicted_high_regret,second,positive
5464,test,1.654554843902588,-0.6747902631759644,0.9280051250000001,predicted_high_regret,first,gray
5484,test,-0.5149023532867432,0.014054298400878906,0.014055007812499909,predicted_high_regret,first,negative
5486,test,-0.08425617218017578,-0.3049955368041992,0.04959439062499982,predicted_high_regret,first,negative
5487,test,1.1119723320007324,-0.6806870698928833,0.23119755468750003,predicted_high_regret,first,gray
5488,test,0.09003114700317383,0.0,0.0,predicted_high_regret,first,negative
5492,test,-1.4417226314544678,-2.8040878772735596,0.0,predicted_high_regret,second,negative
5495,test,1.0548348426818848,-2.4560863971710205,0.0,predicted_high_regret,second,negative
5502,test,-2.279052734375,0.0,0.0,predicted_high_regret,second,negative
5503,test,-1.2729458808898926,1.0967774391174316,1.9313409375,predicted_high_regret,second,gray
5511,test,2.1916589736938477,0.0,0.880513703125,predicted_high_regret,first,gray
5522,test,-1.3440792560577393,0.13943815231323242,1.7540186328124996,predicted_high_regret,second,gray
5530,test,-1.5279176235198975,0.0,0.0,predicted_high_regret,first,negative
5531,test,-1.0594165325164795,3.9361343383789062,3.936134359375,predicted_high_regret,second,positive
5533,test,0.7331204414367676,-2.2730631828308105,1.0264651015624997,predicted_high_regret,first,gray
5536,test,0.8015108108520508,0.0,2.2409461328124998,predicted_high_regret,second,positive
5541,test,2.623298168182373,0.0,0.0,predicted_high_regret,second,negative
5545,test,1.5227036476135254,0.455078125,0.9844873828124996,predicted_high_regret,second,gray
5546,test,-1.489419937133789,-4.392120361328125,0.0,predicted_high_regret,first,negative
5547,test,0.7865447998046875,0.0,0.5307919453125,predicted_high_regret,second,gray
5554,test,0.13360023498535156,0.3393850326538086,0.33938569531250096,predicted_high_regret,first,gray
5556,test,-2.9249989986419678,0.4640026092529297,0.47376818750000016,predicted_high_regret,second,gray
5558,test,-1.8723130226135254,0.24800944328308105,0.2480094140625002,predicted_high_regret,first,gray
5566,test,-1.9986727237701416,-2.9146499633789062,0.0,predicted_high_regret,second,negative
5579,test,-2.0119197368621826,-1.385157585144043,0.9186226328125002,predicted_high_regret,second,gray
5581,test,1.796950340270996,0.0,1.6142808046875001,predicted_high_regret,second,gray
5582,test,1.2045793533325195,-2.420659065246582,4.255605671875,predicted_high_regret,first,positive
5589,test,-7.25676965713501,0.11328125,0.18474314843749995,predicted_high_regret,first,gray
5598,test,5.392172336578369,0.0,0.0,predicted_high_regret,first,negative
5603,test,5.96599817276001,3.397642135620117,3.3976422968749986,predicted_high_regret,second,positive
5612,test,-1.4216251373291016,-0.22652530670166016,0.41302548437499986,predicted_high_regret,second,gray
5616,test,5.881252765655518,8.402650833129883,8.4026519609375,predicted_high_regret,second,positive
5617,test,-2.7971913814544678,-2.418668270111084,1.7006388984375,predicted_high_regret,first,gray
5629,test,-0.8392395973205566,0.9827675819396973,0.9827675468750003,predicted_high_regret,first,gray
5637,test,4.117983341217041,0.0,0.0,predicted_high_regret,second,negative
5645,test,0.41748476028442383,-1.1275324821472168,0.769456328125,predicted_high_regret,first,gray
5657,test,1.8819756507873535,-2.772221803665161,1.2127033203125,predicted_high_regret,second,gray
5661,test,0.0641026496887207,0.0,0.0,predicted_high_regret,first,negative
5669,test,-3.3618884086608887,0.5116438865661621,2.3441791171875,predicted_high_regret,second,gray
5674,test,5.3446269035339355,0.0,3.2055447031249997,predicted_high_regret,first,positive
5680,test,-0.6878764629364014,0.0,2.4507427578125003,predicted_high_regret,second,gray
5684,test,-1.2242591381072998,0.11600065231323242,0.2249175859374999,predicted_high_regret,first,gray
5687,test,-0.2217559814453125,1.665482521057129,1.6654826484374996,predicted_high_regret,first,gray
5688,test,-0.8856720924377441,0.7676734924316406,1.2070891250000004,predicted_high_regret,second,gray
5692,test,2.7506093978881836,0.4288463592529297,0.42884631249999927,predicted_high_regret,first,gray
5693,test,-4.375541687011719,0.844403862953186,0.8444038828125,predicted_high_regret,second,gray
5698,test,0.9644174575805664,1.1074223518371582,2.257812500000001,predicted_high_regret,second,gray
5730,test,4.065528392791748,1.3767659664154053,1.3767658203125004,predicted_high_regret,second,gray
5740,test,0.5759696960449219,-0.5756759643554688,1.7880340078124997,predicted_high_regret,first,gray
5747,test,1.10551118850708,0.0,1.309509859375,predicted_high_regret,first,gray
5751,test,-1.475492000579834,0.09842252731323242,0.17302439843750061,predicted_high_regret,first,gray
5753,test,-2.8882665634155273,-0.16716480255126953,3.6854804765624998,predicted_high_regret,second,positive
5754,test,-1.8970768451690674,0.727665901184082,1.1693803750000002,predicted_high_regret,second,gray
5768,test,-9.046621322631836,-2.9890475273132324,0.0,predicted_high_regret,first,negative
5778,test,-0.48137950897216797,0.0,0.13242936718749987,predicted_high_regret,second,gray
5781,test,1.7654056549072266,0.0,0.0,predicted_high_regret,first,negative
5789,test,-2.5033392906188965,-0.9122676849365234,0.33666630468750025,predicted_high_regret,first,gray
5791,test,1.566622257232666,-2.1743319034576416,1.4635189375,predicted_high_regret,second,gray
5794,test,0.32750511169433594,0.0,0.0,predicted_high_regret,second,negative
5803,test,-3.657456398010254,2.2109460830688477,2.2109460234375,predicted_high_regret,second,gray
5805,test,-4.387131690979004,-0.02734375,0.28197880468750025,predicted_high_regret,second,gray
5807,test,-1.1370604038238525,0.0,4.1665656484374995,predicted_high_regret,second,positive
5814,test,3.8476815223693848,-0.9510221481323242,0.08222707812499941,predicted_high_regret,second,gray
5833,test,-4.9628801345825195,-5.14332389831543,0.12810252343750017,predicted_high_regret,second,gray
5834,test,4.92698335647583,0.0,1.8167604453125001,predicted_high_regret,first,gray
5838,test,-0.6901636123657227,0.0,0.0,predicted_high_regret,second,negative
5851,test,1.3443899154663086,0.0,0.42260380468750003,predicted_high_regret,first,gray
5854,test,4.47741174697876,4.23043966293335,4.230439812499999,predicted_high_regret,second,positive
5858,test,-1.4904072284698486,-3.1050567626953125,0.13357876562499982,predicted_high_regret,second,gray
5867,test,1.7966222763061523,-3.1248128414154053,0.3182469921874995,predicted_high_regret,first,gray
5870,test,-0.8583941459655762,0.1253833770751953,0.36596317968749936,predicted_high_regret,first,gray
5873,test,1.8763723373413086,3.1279149055480957,3.127915218750001,predicted_high_regret,first,positive
5876,test,-1.9070982933044434,-0.81974196434021,0.0,predicted_high_regret,first,negative
5887,test,1.8432822227478027,0.0,0.5628082109374999,predicted_high_regret,first,gray
5888,test,-5.217266082763672,-2.737457275390625,0.052734375,predicted_high_regret,first,gray
5902,test,3.135314464569092,0.1632213592529297,0.16322131250000016,predicted_high_regret,first,gray
5912,test,-3.7511000633239746,0.0,0.0,predicted_high_regret,second,negative
5923,test,2.153148651123047,0.0,0.0,predicted_high_regret,second,negative
5925,test,0.8836922645568848,5.4359846115112305,5.435984515625,predicted_high_regret,second,positive
5928,test,0.32808828353881836,-0.06717205047607422,1.3095558437499992,predicted_high_regret,second,gray
5948,test,1.474721908569336,0.0,0.0,predicted_high_regret,first,negative
5949,test,0.8422856330871582,1.8064160346984863,1.806415859375,predicted_high_regret,second,gray
5954,test,1.689070224761963,0.0,0.3272497187500001,predicted_high_regret,second,gray
5958,test,1.9217910766601562,0.0,0.15383882031250007,predicted_high_regret,second,gray
5961,test,2.9700727462768555,0.0,0.0,predicted_high_regret,first,negative
5980,test,1.8167352676391602,4.960796356201172,4.960796179687499,predicted_high_regret,second,positive
5988,test,0.9627175331115723,0.0,0.0,predicted_high_regret,second,negative
5990,test,5.888564586639404,13.558777809143066,13.558777687500001,predicted_high_regret,first,positive
5997,test,-4.449487209320068,1.8532159328460693,1.8532159375,predicted_high_regret,second,gray
6014,test,1.018136978149414,1.4206132888793945,2.58353484375,predicted_high_regret,first,positive
6015,test,-1.3422305583953857,0.025353193283081055,0.36767449218750015,predicted_high_regret,second,gray
6017,test,-8.661493301391602,0.9307990074157715,1.3361333281250003,predicted_high_regret,first,gray
6024,test,-5.268115043640137,1.296304702758789,1.2963045625,predicted_high_regret,first,gray
6032,test,-3.9314162731170654,0.0,0.0,predicted_high_regret,second,negative
6035,test,-1.9983651638031006,0.2749323844909668,0.5256988359374999,predicted_high_regret,second,gray
6037,test,-4.9366230964660645,-1.1366982460021973,1.0635370156250001,predicted_high_regret,second,gray
6041,test,2.811224937438965,0.0,0.0,predicted_high_regret,second,negative
6049,test,3.2744698524475098,9.871006965637207,9.871006937499999,predicted_high_regret,first,positive
6056,test,4.955244541168213,-0.5393710136413574,0.0,predicted_high_regret,first,negative
6061,test,3.346083641052246,0.0,0.0,predicted_high_regret,second,negative
6077,test,0.4859585762023926,-0.6686601638793945,0.0,predicted_high_regret,second,negative
6084,test,-0.06424713134765625,0.0,0.4168942734374994,predicted_high_regret,second,gray
6089,test,0.7237529754638672,0.0,0.8458614921874998,predicted_high_regret,first,gray
6090,test,1.8735637664794922,-1.2480926513671875,1.5231582265624999,predicted_high_regret,second,gray
6093,test,0.5250840187072754,0.0,0.5928713515624999,predicted_high_regret,first,gray
6095,test,4.404074192047119,0.0,1.475646390625,predicted_high_regret,second,gray
6101,test,-2.24725604057312,0.6384677886962891,1.9171939609374995,predicted_high_regret,second,gray
6111,test,1.1702008247375488,-0.091796875,0.05863121093750001,predicted_high_regret,second,gray
6112,test,1.1047401428222656,0.0,1.2966876953125,predicted_high_regret,second,gray
6122,test,-1.3328211307525635,1.6822948455810547,2.3630939453124995,predicted_high_regret,first,gray
6123,test,-1.745746374130249,-5.801301956176758,0.0,predicted_high_regret,second,negative
6135,test,2.8519463539123535,0.0,0.0,predicted_high_regret,first,negative
6138,test,-0.8320455551147461,0.0,0.0,predicted_high_regret,second,negative
6140,test,0.1357264518737793,0.4190807342529297,0.41908068750000016,predicted_high_regret,second,gray
6157,test,-0.19615411758422852,0.0,0.0,predicted_high_regret,first,negative
6158,test,-0.8899309635162354,1.382083773612976,1.3820836953125,predicted_high_regret,second,gray
6163,test,-1.7958321571350098,0.01171875,0.01171875,predicted_high_regret,first,negative
6170,test,0.6834497451782227,-0.9916172027587891,0.9527044062499996,predicted_high_regret,first,gray
6195,test,-2.9080538749694824,-0.4694788455963135,2.4128671171875,predicted_high_regret,second,positive
6202,test,1.6629056930541992,0.0,1.3490763984375,predicted_high_regret,first,gray
6207,test,2.477395534515381,0.0,4.5433058984375,predicted_high_regret,first,positive
6218,test,-0.14804506301879883,0.0,0.0,predicted_high_regret,second,negative
6222,test,1.5033540725708008,0.0,0.3956806484374997,predicted_high_regret,first,gray
6227,test,2.674983501434326,0.0,0.0,predicted_high_regret,first,negative
6233,test,0.8949069976806641,0.47258126735687256,0.7221607343749998,predicted_high_regret,first,gray
6248,test,-0.5845165252685547,0.0,0.0,predicted_high_regret,first,negative
6256,test,1.6251883506774902,1.6259245872497559,1.6259246328125,predicted_high_regret,first,gray
6277,test,1.4323668479919434,0.0,0.2538687890625,predicted_high_regret,second,gray
6290,test,-1.1078543663024902,0.09451627731323242,0.43492192968749954,predicted_high_regret,first,gray
6304,test,-2.969879150390625,0.40854883193969727,0.4085487968749999,predicted_high_regret,second,gray
6308,test,-0.6470019817352295,0.1146843433380127,0.5314662421875003,predicted_high_regret,first,gray
6309,test,1.2702999114990234,0.0,0.04193173437499986,predicted_high_regret,first,negative
6313,test,-0.024248123168945312,0.0,0.25114939843749995,predicted_high_regret,first,gray
6325,test,3.046985149383545,0.5452671051025391,0.6425032031250009,predicted_high_regret,first,gray
6326,test,2.513798236846924,-0.08551692962646484,0.0,predicted_high_regret,second,negative
6333,test,-0.13246870040893555,2.469637155532837,2.4696371718749996,predicted_high_regret,second,gray
6354,test,5.038819789886475,9.593392372131348,9.5933924375,predicted_high_regret,first,positive
6362,test,0.9129199981689453,2.77673602104187,2.7767358515625,predicted_high_regret,second,gray
6363,test,0.9253816604614258,9.88719367980957,10.5910851171875,predicted_high_regret,first,positive
6367,test,0.6287341117858887,0.02734375,0.837815703125,predicted_high_regret,second,gray
6370,test,-0.4256601333618164,-5.911818504333496,1.7290571249999998,predicted_high_regret,second,gray
6383,test,2.245115280151367,0.27925944328308105,0.35462756250000016,predicted_high_regret,first,gray
6385,test,-0.2110757827758789,-2.272221803665161,0.0,predicted_high_regret,first,negative
6387,test,-2.0229761600494385,0.6472132205963135,1.2174507578124998,predicted_high_regret,second,gray
6388,test,-1.440877914428711,5.848477363586426,5.848477023437501,predicted_high_regret,first,positive
6394,test,1.6830368041992188,1.5511350631713867,1.5511354453125001,predicted_high_regret,second,gray
6397,test,0.20571565628051758,-2.167248249053955,0.0,predicted_high_regret,second,negative
6405,test,2.9910573959350586,0.0,0.48901005468749936,predicted_high_regret,second,gray
6411,test,3.373687267303467,-0.09608602523803711,2.4286300703125,predicted_high_regret,first,positive
6419,test,0.12654781341552734,-0.6229345798492432,0.05671554687500002,predicted_high_regret,second,gray
6438,test,-2.2266945838928223,0.0,1.0248951093749998,predicted_high_regret,first,gray
6439,test,1.357503890991211,3.9229581356048584,3.9229580000000004,predicted_high_regret,first,positive
6446,test,-0.05745553970336914,-3.907911777496338,0.0,predicted_high_regret,first,negative
6447,test,2.2004055976867676,0.5062048435211182,0.5062050468749999,predicted_high_regret,second,gray
6472,test,-2.416766881942749,0.0,1.8506463906249992,predicted_high_regret,first,gray
6473,test,1.2406888008117676,-3.9919795989990234,0.0,predicted_high_regret,first,negative
6488,test,2.3241982460021973,-1.049678087234497,0.0,predicted_high_regret,first,negative
6494,test,-3.7230546474456787,1.3283958435058594,1.3830832500000003,predicted_high_regret,second,gray
6498,test,-4.0877299308776855,0.34880542755126953,0.5159332109375008,predicted_high_regret,first,gray
6511,test,1.591395378112793,2.1597442626953125,2.1597441796875,predicted_high_regret,second,gray
6515,test,1.3470335006713867,-7.234437942504883,0.0,predicted_high_regret,first,negative
6516,test,-1.5698466300964355,-0.28511905670166016,4.947011921875,predicted_high_regret,first,positive
6523,test,-4.619960784912109,-0.7552223205566406,0.07065817187500034,predicted_high_regret,first,gray
6525,test,1.086958408355713,-3.765483856201172,0.12848565624999997,predicted_high_regret,second,gray
6526,test,0.7427749633789062,-0.5659482479095459,1.2955008359375002,predicted_high_regret,second,gray
6533,test,1.3348140716552734,-4.968842029571533,0.0,predicted_high_regret,first,negative
6536,test,3.270139694213867,0.0,0.0,predicted_high_regret,first,negative
6539,test,0.29526853561401367,-2.1957788467407227,0.0,predicted_high_regret,second,negative
6541,test,0.5828037261962891,1.5134849548339844,1.5134845703124995,predicted_high_regret,second,gray
6547,test,-3.7551069259643555,0.0,0.37454194531250007,predicted_high_regret,second,gray
6548,test,-1.4154574871063232,-0.11090755462646484,0.052734375,predicted_high_regret,first,gray
6558,test,-1.7247228622436523,-1.817713975906372,0.3601038046874998,predicted_high_regret,first,gray
6566,test,-3.2510437965393066,0.8397316932678223,0.9522088906250001,predicted_high_regret,second,gray
6585,test,-3.054971933364868,0.0,0.0,predicted_high_regret,first,negative
6595,test,0.6286330223083496,-0.3386192321777344,0.0,predicted_high_regret,second,negative
6604,test,-0.724719762802124,-1.7618396282196045,0.0,predicted_high_regret,second,negative
6607,test,-1.7812087535858154,0.0,0.0,predicted_high_regret,second,negative
6635,test,-3.821201801300049,0.0,0.17769691406249954,predicted_high_regret,first,gray
6639,test,-2.1639633178710938,2.5831892490386963,2.5831891718749995,predicted_high_regret,first,positive
6642,test,-2.793095588684082,-0.1749401092529297,0.36010380468750114,predicted_high_regret,second,gray
6644,test,2.0858936309814453,-1.662558913230896,0.5730318906249998,predicted_high_regret,second,gray
6667,test,-4.409358024597168,-0.28082942962646484,9.112457109374999,predicted_high_regret,first,positive
6668,test,-0.4013791084289551,1.2061152458190918,1.2061151406250001,predicted_high_regret,first,gray
6675,test,4.234009265899658,0.0,0.0,predicted_high_regret,second,negative
6677,test,0.11754417419433594,-1.1815282106399536,0.3558144218749999,predicted_high_regret,first,gray
6685,test,0.7977643013000488,0.0,0.0,predicted_high_regret,first,negative
6697,test,-1.2396337985992432,-1.8222452402114868,1.8857651796875,predicted_high_regret,first,gray
6700,test,-0.06913042068481445,-0.4909172058105469,0.0,predicted_high_regret,second,negative
6707,test,-4.506856918334961,-3.8549818992614746,0.0,predicted_high_regret,second,negative
6714,test,-2.43711256980896,0.0,1.3661590078125,predicted_high_regret,first,gray
6724,test,0.7934556007385254,2.594599723815918,2.7012553203125,predicted_high_regret,first,gray
6730,test,-0.7017087936401367,-1.5104568004608154,0.0,predicted_high_regret,first,negative
6734,test,-2.3069136142730713,0.05235123634338379,2.2742122890625,predicted_high_regret,second,gray
6738,test,3.7495226860046387,0.0,1.8413848046875003,predicted_high_regret,second,gray
6772,test,-2.0175485610961914,-1.4341723918914795,0.0,predicted_high_regret,second,negative
6775,test,-0.5693914890289307,-0.7275042533874512,5.828254429687499,predicted_high_regret,second,positive
6776,test,-4.929867267608643,1.0625,2.4373876171875,predicted_high_regret,second,positive
6777,test,-1.1224761009216309,0.030063152313232422,0.3250973984375003,predicted_high_regret,second,gray
6779,test,1.4989128112792969,0.6487457156181335,0.6487457109375,predicted_high_regret,first,gray
6783,test,3.476883888244629,0.0,0.0,predicted_high_regret,first,negative
6785,test,-0.8242676258087158,-0.8475441932678223,2.106022140625,predicted_high_regret,first,positive
6792,test,-1.286710262298584,-0.9084365367889404,0.2679237968749999,predicted_high_regret,second,gray
6793,test,-0.2697920799255371,2.9156033992767334,2.9156035546875,predicted_high_regret,first,positive
6795,test,-7.412400245666504,-1.663604497909546,0.0,predicted_high_regret,second,negative
6803,test,-2.2740464210510254,-4.853916168212891,1.4482277187499997,predicted_high_regret,first,gray
6821,test,-1.573777437210083,0.0,1.9866652734374997,predicted_high_regret,first,positive
6840,test,1.5202569961547852,0.0,0.0,predicted_high_regret,first,negative
6842,test,0.8149595260620117,0.0,0.9083240312499998,predicted_high_regret,second,gray
6844,test,3.269547939300537,13.27741527557373,14.3969016015625,predicted_high_regret,first,positive
6845,test,0.5121340751647949,-1.24491548538208,0.0,predicted_high_regret,second,negative
6850,test,1.8407979011535645,0.0,0.7533732734375,predicted_high_regret,second,gray
6861,test,1.2802858352661133,0.11174869537353516,0.11174871875000036,predicted_high_regret,first,gray
6864,test,0.7560887336730957,-2.0735361576080322,0.0,predicted_high_regret,second,negative
6865,test,0.9383964538574219,0.0,0.0,predicted_high_regret,second,negative
6868,test,0.8557095527648926,-0.8780279159545898,0.0,predicted_high_regret,second,negative
6881,test,6.101369380950928,-0.4897761344909668,0.49272899999999975,predicted_high_regret,first,gray
6886,test,2.0008068084716797,0.0,0.01210188281250002,predicted_high_regret,second,negative
6889,test,2.2648167610168457,0.0,0.16521189843749973,predicted_high_regret,first,gray
6911,test,2.659273624420166,0.0,0.15353060937499974,predicted_high_regret,second,gray
6915,test,-1.9729180335998535,2.0708541870117188,2.451217859375,predicted_high_regret,second,gray
6934,test,-0.6722927093505859,2.4179773330688477,2.4179772734375,predicted_high_regret,second,positive
6937,test,2.6266627311706543,0.9704780578613281,0.9704783593749999,predicted_high_regret,second,gray
6938,test,1.884429931640625,4.161584854125977,4.161584921875001,predicted_high_regret,first,positive
6943,test,-1.2184972763061523,-0.1328125,0.06954623437500018,predicted_high_regret,first,gray
6944,test,0.6357975006103516,12.699328422546387,13.186842749999999,predicted_high_regret,first,positive
6946,test,0.6700344085693359,0.005859375,1.78500640625,predicted_high_regret,first,gray
6950,test,-2.417175769805908,3.5041308403015137,3.7737371875,predicted_high_regret,first,positive
6956,test,-1.9668409824371338,0.6510820388793945,1.1006089296875001,predicted_high_regret,second,gray
6984,test,0.36419200897216797,0.0,0.03944563281249991,predicted_high_regret,second,negative
6988,test,3.4263505935668945,-0.7846606969833374,0.9530500781250002,predicted_high_regret,first,gray
6991,test,1.4314446449279785,-0.0054759979248046875,0.0,predicted_high_regret,second,negative
6995,test,-8.529722213745117,-0.02110123634338379,0.0,predicted_high_regret,second,negative
6996,test,-7.540488243103027,0.0,0.4300331718750001,predicted_high_regret,second,gray
7000,test,3.6157069206237793,3.268540382385254,3.26854021875,predicted_high_regret,second,positive
7002,test,1.3029265403747559,-5.214094161987305,0.05426690625000008,predicted_high_regret,first,gray
7005,test,-1.6215920448303223,-1.1728745698928833,0.0,predicted_high_regret,second,negative
7013,test,0.20702457427978516,2.821162223815918,2.8211622109374996,predicted_high_regret,first,gray
7021,test,3.0413103103637695,0.057557106018066406,0.7287863750000003,predicted_high_regret,first,gray
7022,test,1.159712791442871,0.5851335525512695,1.0199143828125,predicted_high_regret,first,gray
7026,test,-1.1859803199768066,-1.4020816087722778,0.0,predicted_high_regret,first,negative
7036,test,0.43297290802001953,0.38089680671691895,0.8255179921875001,predicted_high_regret,first,gray
7043,test,2.331679344177246,1.1663241386413574,1.1663238359374999,predicted_high_regret,second,gray
7053,test,0.48803186416625977,0.14610125124454498,0.64131634375,predicted_high_regret,first,gray
7062,test,0.12353086471557617,0.0,0.0441181484375015,predicted_high_regret,first,negative
7063,test,-8.896251678466797,-1.6548011302947998,2.1126358906249996,predicted_high_regret,second,gray
7072,test,-1.2730059623718262,-0.13556909561157227,0.03040881250000016,predicted_high_regret,second,negative
7079,test,-2.3069517612457275,-1.8553190231323242,0.0,predicted_high_regret,first,negative
7104,test,1.478682041168213,-1.0862083435058594,0.181640625,predicted_high_regret,second,gray
7115,test,0.4957714080810547,-2.893923759460449,0.0,predicted_high_regret,first,negative
7120,test,1.1278676986694336,0.0,0.0,predicted_high_regret,first,negative
7130,test,0.07167673110961914,1.0381460189819336,1.09945953125,predicted_high_regret,first,gray
7133,test,-1.1810989379882812,-0.3514871597290039,0.08241438281249991,predicted_high_regret,second,gray
7138,test,0.7752609252929688,-4.22844934463501,0.0,predicted_high_regret,second,negative
7156,test,3.064162254333496,-0.2624473571777344,0.37496253906249954,predicted_high_regret,second,gray
7167,test,-0.5659365653991699,0.7139649391174316,2.563657921875,predicted_high_regret,second,positive
7170,test,-1.1913659572601318,1.488243579864502,1.4882437890625004,predicted_high_regret,second,gray
7173,test,3.517035484313965,-3.8066115379333496,0.0,predicted_high_regret,second,negative
7175,test,-1.5943186283111572,0.6405501365661621,0.7702225937499998,predicted_high_regret,first,gray
7178,test,0.1885056495666504,0.0,0.0,predicted_high_regret,first,negative
7185,test,-1.6639306545257568,0.30698633193969727,0.30698629687500034,predicted_high_regret,first,gray
7193,test,2.58255672454834,0.0,0.0,predicted_high_regret,second,negative
7196,test,0.7100539207458496,0.9803564548492432,0.9803563671874995,predicted_high_regret,second,gray
7199,test,2.5007452964782715,0.0,0.0,predicted_high_regret,first,negative
7200,test,4.209625720977783,0.0,0.0,predicted_high_regret,first,negative
7212,test,1.3880300521850586,0.6426156759262085,0.8382737578125001,predicted_high_regret,second,gray
7213,test,-2.394967794418335,1.5908058881759644,3.2753991484375,predicted_high_regret,second,positive
7215,test,-0.326352596282959,0.0,0.0,predicted_high_regret,second,negative
7227,test,3.671281337738037,0.0,0.0,predicted_high_regret,first,negative
7240,test,0.7946453094482422,2.130176544189453,2.1301765546875,predicted_high_regret,second,gray
7245,test,-1.5792357921600342,-0.5491364002227783,0.30549122656250005,predicted_high_regret,second,gray
7251,test,-0.799419641494751,0.1216268539428711,0.8260594921875002,predicted_high_regret,first,gray
7253,test,-4.875431537628174,0.0,0.0,predicted_high_regret,first,negative
7268,test,6.172814846038818,0.24100112915039062,0.2410006406250016,predicted_high_regret,second,gray
7271,test,-2.1421115398406982,-1.7837448120117188,0.0,predicted_high_regret,first,negative
7277,test,4.110877513885498,0.293426513671875,0.29652932812499966,predicted_high_regret,first,gray
7284,test,-0.7657108306884766,0.048099517822265625,0.04809932031250064,predicted_high_regret,second,negative
7287,test,-1.3889124393463135,-1.1912188529968262,0.94462115625,predicted_high_regret,second,gray
7290,test,1.141981601715088,3.2251505851745605,3.2657833671875,predicted_high_regret,second,positive
7301,test,3.708465099334717,0.0,0.0,predicted_high_regret,first,negative
7308,test,1.2595901489257812,0.4534332752227783,0.45343321093750033,predicted_high_regret,second,gray
7347,test,-0.46433472633361816,0.04419302940368652,0.455003203125,predicted_high_regret,second,gray
7350,test,0.2944660186767578,-0.00038313865661621094,0.0,predicted_high_regret,first,negative
7351,test,1.2993254661560059,1.149895191192627,1.3643182656250001,predicted_high_regret,second,gray
7352,test,-0.9848856925964355,2.0864038467407227,2.0864040781249997,predicted_high_regret,second,gray
7362,test,1.896481990814209,0.0,0.921857953125,predicted_high_regret,first,gray
7365,test,2.127777576446533,0.0,0.24134631250000016,predicted_high_regret,second,gray
7380,test,1.1941332817077637,0.0,0.562574921875,predicted_high_regret,second,gray
7397,test,0.5436239242553711,0.43393945693969727,0.43393942187500034,predicted_high_regret,first,gray
7408,test,-0.27068042755126953,0.15816563367843628,0.7779976328124999,predicted_high_regret,first,gray
7417,test,0.12825345993041992,0.45818042755126953,1.0592476328125002,predicted_high_regret,first,gray
7422,test,-2.2013847827911377,0.42536067962646484,0.7135819687499989,predicted_high_regret,second,gray
7430,test,-1.7023875713348389,0.0,0.0,predicted_high_regret,first,negative
7431,test,3.08805513381958,7.2982659339904785,7.2982662109375,predicted_high_regret,second,positive
7440,test,0.6944484710693359,-0.07460212707519531,0.050473039062500114,predicted_high_regret,first,gray
7443,test,5.649366855621338,-2.244187355041504,0.0,predicted_high_regret,first,negative
7451,test,-1.5953564643859863,0.7264875173568726,2.1919102890624993,predicted_high_regret,first,gray
7461,test,0.841458797454834,0.8745040893554688,0.8745044843749996,predicted_high_regret,second,gray
7463,test,3.653735637664795,-0.505821943283081,0.0,predicted_high_regret,first,negative
7464,test,-1.528994083404541,-1.0154008865356445,0.02500749218750009,predicted_high_regret,first,negative
7465,test,0.8315458297729492,-0.5522763729095459,1.1424282812500002,predicted_high_regret,first,gray
7466,test,-4.685482978820801,0.25386857986450195,0.25386878906250043,predicted_high_regret,second,gray
7475,test,-0.3631429672241211,-2.7924816608428955,0.0,predicted_high_regret,first,negative
7478,test,-0.9624741077423096,-2.737523078918457,0.0,predicted_high_regret,first,negative
7479,test,2.9441637992858887,0.9991962909698486,0.9991962734374997,predicted_high_regret,first,gray
7484,test,-2.5507729053497314,0.09531974792480469,1.6716876953124995,predicted_high_regret,first,gray
7490,test,-2.082655191421509,3.5937585830688477,3.5937585234375002,predicted_high_regret,first,positive
7492,test,1.184375286102295,0.04139876365661621,0.04139875781250035,predicted_high_regret,second,negative
7493,test,2.8444161415100098,0.0,0.0,predicted_high_regret,second,negative
7496,test,0.680150032043457,-2.334301233291626,0.05740689062499982,predicted_high_regret,second,gray
7506,test,0.13963747024536133,0.103515625,0.19458369531250064,predicted_high_regret,first,gray
7517,test,-1.162830114364624,4.367774963378906,4.367774984375,predicted_high_regret,second,positive
7520,test,4.261854648590088,0.429229736328125,1.7413463124999993,predicted_high_regret,first,gray
7523,test,0.3720130920410156,0.09110546112060547,0.19615368749999995,predicted_high_regret,second,gray
7533,test,3.8416457176208496,0.7522988319396973,0.7522987968749995,predicted_high_regret,second,gray
7549,test,-2.0320427417755127,-2.8220322132110596,0.0,predicted_high_regret,first,negative
7587,test,-4.433109283447266,-1.5060176849365234,0.09646939062500026,predicted_high_regret,second,gray
7603,test,-1.5584254264831543,0.32418131828308105,1.2744370546875,predicted_high_regret,first,gray
7607,test,4.773260593414307,2.74892520904541,3.00321490625,predicted_high_regret,first,positive
7612,test,-1.0002186298370361,0.0,0.5206057265625001,predicted_high_regret,second,gray
7616,test,0.3059053421020508,-0.13357877731323242,2.5336697031249997,predicted_high_regret,first,positive
7618,test,0.8647985458374023,-1.604898452758789,0.0,predicted_high_regret,first,negative
7623,test,1.7337956428527832,0.7729420065879822,1.9501433828125,predicted_high_regret,second,gray
7625,test,0.7138957977294922,-3.2368898391723633,0.0,predicted_high_regret,first,negative
7627,test,-1.2661199569702148,0.7530276775360107,0.9100438671875,predicted_high_regret,first,gray
7636,test,5.316407680511475,0.0,0.708909453125,predicted_high_regret,second,gray
7642,test,-4.094058036804199,-0.9073619842529297,0.9694788046875011,predicted_high_regret,second,gray
7643,test,0.8322958946228027,-0.065948486328125,0.6474090078124997,predicted_high_regret,first,gray
7654,test,-4.326777935028076,-2.4006242752075195,0.7467850937500007,predicted_high_regret,second,gray
7660,test,-0.8624467849731445,-0.7225813865661621,0.6725288828125002,predicted_high_regret,second,gray
7663,test,-1.4280166625976562,1.5982723236083984,1.5982726718749998,predicted_high_regret,second,gray
7664,test,4.372260570526123,0.0,3.1062435390624996,predicted_high_regret,second,positive
7666,test,-1.0284125804901123,0.0,0.06602311718750009,predicted_high_regret,second,gray
7669,test,-3.139674663543701,-0.7155346870422363,0.09106807031250064,predicted_high_regret,second,gray
7671,test,1.3389391899108887,0.0,0.143540218750001,predicted_high_regret,second,gray
7696,test,1.2127504348754883,0.0,0.0,predicted_high_regret,second,negative
7700,test,-0.06908035278320312,0.0,0.0,predicted_high_regret,second,negative
7702,test,-1.2482011318206787,-1.9087071418762207,1.835292140625,predicted_high_regret,first,gray
7703,test,-1.890697956085205,-0.34754395484924316,1.19906890625,predicted_high_regret,first,gray
7707,test,1.1229186058044434,0.0,4.2951636875,predicted_high_regret,second,positive
7708,test,-3.0382490158081055,0.23318815231323242,0.3612906640625,predicted_high_regret,first,gray
7715,test,2.9609217643737793,0.0,2.3511504296875003,predicted_high_regret,second,gray
7733,test,-3.3464293479919434,0.0,0.7210113359375003,predicted_high_regret,first,gray
7736,test,3.105677604675293,0.0,1.1158507968749998,predicted_high_regret,second,gray
7743,test,-6.003748893737793,-0.014475584030151367,0.28665132031250007,predicted_high_regret,second,gray
7748,test,1.340414047241211,0.0,1.4366213515625006,predicted_high_regret,second,gray
7758,test,0.6529765129089355,-0.5037939548492432,0.3987831718749999,predicted_high_regret,first,gray
7759,test,-0.06092548370361328,-1.7013306617736816,0.0,predicted_high_regret,first,negative
7764,test,0.4703178405761719,0.05939757823944092,0.22809503124999986,predicted_high_regret,first,gray
7766,test,0.8103103637695312,0.3566555976867676,0.3566556093750002,predicted_high_regret,second,gray
7790,test,-2.0807106494903564,-9.064571380615234,0.0,predicted_high_regret,second,negative
7799,test,2.1425652503967285,-4.026856422424316,0.0,predicted_high_regret,first,negative
7803,test,-0.8205695152282715,0.0,1.2572420625000005,predicted_high_regret,first,gray
7806,test,5.0140767097473145,-0.15740013122558594,0.0,predicted_high_regret,second,negative
7807,test,2.4557719230651855,0.47231101989746094,0.47231057812500055,predicted_high_regret,second,gray
7818,test,-0.569110631942749,0.009382247924804688,6.3636814296875,predicted_high_regret,first,positive
7821,test,1.1056303977966309,0.09646940231323242,0.7654002343749999,predicted_high_regret,first,gray
7823,test,3.895249843597412,0.0,0.6252622265625014,predicted_high_regret,first,gray
7826,test,-3.4435601234436035,0.5612382888793945,1.0865539218750007,predicted_high_regret,second,gray
7827,test,0.07860898971557617,0.0,0.0,predicted_high_regret,second,negative
7832,test,-0.16251182556152344,0.0,0.14334439062499982,predicted_high_regret,second,gray
7837,test,3.3696136474609375,1.4928035736083984,1.4928039218749998,predicted_high_regret,first,gray
7866,test,-2.2848494052886963,-0.25425195693969727,0.0,predicted_high_regret,second,negative
7868,test,-3.6630189418792725,-2.96952486038208,0.0,predicted_high_regret,first,negative
7871,test,-0.04244089126586914,0.0,1.0514351328125,predicted_high_regret,first,gray
7891,test,0.09283256530761719,0.0,2.2027878515625,predicted_high_regret,first,gray
7901,test,1.372939109802246,0.0,0.5495569296875011,predicted_high_regret,second,gray
7918,test,-1.1714959144592285,1.0823397636413574,2.6547259921874993,predicted_high_regret,second,gray
7919,test,-2.8533973693847656,0.0,0.0,predicted_high_regret,first,negative
7927,test,-2.7253572940826416,1.0620417594909668,1.244065703125,predicted_high_regret,first,gray
7929,test,1.0605659484863281,-0.845170259475708,0.0,predicted_high_regret,second,negative
7934,test,4.654727458953857,0.0,1.7856977500000002,predicted_high_regret,first,gray
7938,test,-1.4417963027954102,-1.5099987983703613,0.0,predicted_high_regret,second,negative
7941,test,0.4275827407836914,1.7247676849365234,3.4303873671874996,predicted_high_regret,first,positive
7944,test,2.747581958770752,0.5968150496482849,0.9779826484374999,predicted_high_regret,first,gray
7945,test,-0.16516780853271484,-0.04139876365661621,0.7788013593750001,predicted_high_regret,first,gray
7952,test,-0.7806322574615479,-1.1344661712646484,0.0,predicted_high_regret,first,negative
7958,test,3.1364049911499023,-5.772463798522949,2.5815731953125,predicted_high_regret,first,gray
7959,test,0.05414867401123047,1.234374761581421,1.234375,predicted_high_regret,second,gray
7967,test,-1.7333245277404785,1.6466803550720215,1.6466802031250003,predicted_high_regret,second,gray
7981,test,-0.37766551971435547,-1.6125234365463257,1.706236046875,predicted_high_regret,first,gray
7985,test,-2.5252695083618164,-2.6691555976867676,0.10818814062499982,predicted_high_regret,first,gray
7988,test,-2.706946849822998,-2.7270290851593018,0.22614190624999997,predicted_high_regret,second,gray
7991,test,4.587086200714111,0.0,0.0,predicted_high_regret,second,negative
7993,test,3.8527865409851074,-0.09807682037353516,1.5368846093749997,predicted_high_regret,second,gray
7999,test,0.9072270393371582,-0.23161816596984863,0.134765625,predicted_high_regret,first,gray
8000,test,-1.411578893661499,0.0,1.2806421015625,predicted_low_margin,first,gray
8008,test,1.7491402626037598,0.7038164138793945,0.7337671015625,predicted_low_margin,first,gray
8009,test,-0.29483938217163086,0.19841504096984863,0.24532748437499996,predicted_low_margin,first,gray
8012,test,0.39252281188964844,0.0,0.0,predicted_low_margin,second,negative
8028,test,0.8254189491271973,-0.8369369506835938,0.0,predicted_low_margin,first,negative
8035,test,0.5731263160705566,2.174752712249756,2.1747527578124997,predicted_low_margin,second,gray
8037,test,-0.18740081787109375,0.9496393799781799,0.94963934375,predicted_low_margin,first,gray
8038,test,1.1556358337402344,0.0,0.10700128124999986,predicted_low_margin,second,gray
8041,test,0.10692214965820312,1.2915196418762207,1.5379590859374996,predicted_low_margin,first,gray
8043,test,1.7505574226379395,1.9359006881713867,1.9359010703125001,predicted_low_margin,first,gray
8050,test,-1.6393024921417236,-1.0903851985931396,0.0,predicted_low_margin,second,negative
8066,test,-0.9673182964324951,-0.01719498634338379,0.0,predicted_low_margin,first,negative
8068,test,-4.197315692901611,1.7770724296569824,1.7770730000000006,predicted_low_margin,first,gray
8069,test,-0.11218595504760742,-0.5908722281455994,0.0,predicted_low_margin,second,negative
8085,test,-0.8171730041503906,-1.305303931236267,0.4465282968750002,predicted_low_margin,first,gray
8089,test,0.26059436798095703,0.0,0.0,predicted_low_margin,second,negative
8111,test,-0.7492995262145996,0.0,0.0,predicted_low_margin,first,negative
8119,test,-0.40320730209350586,-0.6779676675796509,0.18007063281250002,predicted_low_margin,second,gray
8120,test,1.2580976486206055,1.170575737953186,1.1705757578125,predicted_low_margin,second,gray
8127,test,-2.8882126808166504,0.0,0.0,predicted_low_margin,first,negative
8128,test,-0.8747048377990723,-0.4444711208343506,0.5811900624999997,predicted_low_margin,first,gray
8134,test,-0.03136253356933594,-0.19060251116752625,0.0,predicted_low_margin,second,negative
8148,test,-0.9325034618377686,-0.08701205253601074,0.0,predicted_low_margin,first,negative
8150,test,-0.3645467758178711,0.6350737810134888,0.6350738359374999,predicted_low_margin,first,gray
8154,test,-2.176466941833496,0.0,0.23433753906249954,predicted_low_margin,first,gray
8157,test,0.10585308074951172,-1.0783956050872803,0.7631678359375007,predicted_low_margin,second,gray
8160,test,0.9200863838195801,0.0,0.0,predicted_low_margin,second,negative
8165,test,-0.20635700225830078,0.0,2.985532921875,predicted_low_margin,second,positive
8171,test,-1.78788161277771,-0.1605393886566162,0.0,predicted_low_margin,second,negative
8172,test,-1.6583454608917236,-1.3580009937286377,0.02734375,predicted_low_margin,second,negative
8177,test,-1.3235130310058594,0.08823633193969727,2.7221232734374996,predicted_low_margin,first,positive
8178,test,-0.16672563552856445,0.0,0.0,predicted_low_margin,second,negative
8181,test,-0.19683361053466797,0.8658883571624756,1.138596953125,predicted_low_margin,first,gray
8195,test,0.6434230804443359,0.0,0.0,predicted_low_margin,first,negative
8207,test,-0.5340502262115479,0.0,0.0,predicted_low_margin,first,negative
8216,test,2.5724620819091797,0.0,2.8325812734375004,predicted_low_margin,second,gray
8223,test,-3.003182888031006,-6.723523139953613,0.0,predicted_low_margin,second,negative
8231,test,2.5235791206359863,0.6050107479095459,0.6050106953125001,predicted_low_margin,first,gray
8237,test,0.3249068260192871,0.0,0.30736942968750025,predicted_low_margin,first,gray
8245,test,0.34211206436157227,0.13399982452392578,1.3555896562500003,predicted_low_margin,second,gray
8246,test,-0.2751898765563965,-0.29488468170166016,0.22659996093750046,predicted_low_margin,first,gray
8255,test,-1.1527478694915771,-0.4176979064941406,0.014438140624999818,predicted_low_margin,first,negative
8258,test,1.2932119369506836,1.4118847846984863,1.5497527578125,predicted_low_margin,first,gray
8261,test,0.26145267486572266,0.35654330253601074,0.35654322656250004,predicted_low_margin,first,gray
8267,test,-1.281825065612793,0.0,0.0,predicted_low_margin,first,negative
8271,test,0.18190956115722656,0.0,0.0,predicted_low_margin,second,negative
8283,test,0.2515068054199219,0.0,0.0,predicted_low_margin,first,negative
8290,test,-0.3655691146850586,-1.795296549797058,0.0,predicted_low_margin,first,negative
8297,test,-0.9753611087799072,0.21947884559631348,0.21947880468750003,predicted_low_margin,second,gray
8298,test,-0.339630126953125,0.9848709106445312,1.6633336953125006,predicted_low_margin,first,gray
8312,test,-0.5438666343688965,0.4257059097290039,1.1537264374999996,predicted_low_margin,first,gray
8327,test,-1.1490037441253662,0.0,3.1584449374999997,predicted_low_margin,second,positive
8337,test,2.2804131507873535,0.0,1.2974164999999989,predicted_low_margin,second,gray
8344,test,-2.349241018295288,-4.857205390930176,0.005476242187500091,predicted_low_margin,first,negative
8352,test,-0.5608937740325928,0.18160319328308105,0.1816031640625,predicted_low_margin,second,gray
8355,test,-0.27832937240600586,0.0,0.0,predicted_low_margin,first,negative
8358,test,-5.376254081726074,-3.591609477996826,0.8726637421875001,predicted_low_margin,second,gray
8359,test,1.4409856796264648,1.1124024391174316,1.1124026015624997,predicted_low_margin,first,gray
8367,test,-0.24817895889282227,0.0,0.0,predicted_low_margin,second,negative
8375,test,0.7323207855224609,0.0,0.4635070468749998,predicted_low_margin,first,gray
8378,test,-3.6480612754821777,0.8655050992965698,0.8655051249999999,predicted_low_margin,second,gray
8380,test,2.1783409118652344,-0.3308076858520508,0.0,predicted_low_margin,second,negative
8383,test,0.29442834854125977,0.0,0.5008037265624994,predicted_low_margin,first,gray
8403,test,-0.7748196125030518,0.0,0.6119820078124993,predicted_low_margin,first,gray
8406,test,-1.777209758758545,0.0,0.060546875,predicted_low_margin,first,gray
8411,test,-0.33884334564208984,0.0,0.0,predicted_low_margin,second,negative
8412,test,-1.2076656818389893,0.0,0.0,predicted_low_margin,first,negative
8416,test,0.4286770820617676,0.29331445693969727,0.3788687890625,predicted_low_margin,first,gray
8427,test,-0.42830610275268555,0.0,0.0,predicted_low_margin,second,negative
8435,test,-0.45318150520324707,0.0,0.0,predicted_low_margin,first,negative
8438,test,-0.5873785018920898,0.4780201017856598,1.534090296875,predicted_low_margin,second,gray
8446,test,0.1497330665588379,-0.014055252075195312,0.0,predicted_low_margin,first,negative
8448,test,-0.15963268280029297,-0.10439419746398926,0.13786814843749973,predicted_low_margin,first,gray
8449,test,-0.2559218406677246,-2.3104803562164307,0.0,predicted_low_margin,first,negative
8450,test,1.0095844268798828,-3.6801624298095703,0.5026819296875,predicted_low_margin,second,gray
8453,test,-1.0718364715576172,-5.948648452758789,0.3506753281250017,predicted_low_margin,second,gray
8455,test,-4.460132122039795,-2.5325491428375244,0.0,predicted_low_margin,second,negative
8467,test,1.001417636871338,0.0,2.1976572812500006,predicted_low_margin,second,gray
8468,test,-1.6362214088439941,-1.117990493774414,0.581190062500001,predicted_low_margin,first,gray
8471,test,-4.422906875610352,0.17340755462646484,0.17340753124999964,predicted_low_margin,second,gray
8480,test,-0.9953832626342773,-1.1451854705810547,0.0,predicted_low_margin,first,negative
8498,test,-1.1520662307739258,-1.9421896934509277,0.244140625,predicted_low_margin,second,gray
8500,test,0.3485298156738281,-0.5621542930603027,0.0,predicted_low_margin,first,negative
8517,test,-0.9462518692016602,0.20045185089111328,0.22817847656249945,predicted_low_margin,second,gray
8518,test,0.49634218215942383,0.39142894744873047,0.3914287265625003,predicted_low_margin,first,gray
8520,test,-0.8505380153656006,-0.6944713592529297,0.6706506796875003,predicted_low_margin,second,gray
8535,test,-2.204038143157959,0.0,0.0,predicted_low_margin,second,negative
8552,test,3.590322971343994,0.7708014249801636,0.9055671796874998,predicted_low_margin,second,gray
8563,test,-0.7519998550415039,0.0,0.0,predicted_low_margin,first,negative
8569,test,-0.32955312728881836,0.1304762363433838,0.1304762421875001,predicted_low_margin,first,gray
8578,test,0.8740119934082031,-0.47882384061813354,0.6521104609375,predicted_low_margin,second,gray
8582,test,2.3158349990844727,-1.2980328798294067,0.3222281640625,predicted_low_margin,first,gray
8585,test,-3.954052209854126,0.0,0.0,predicted_low_margin,second,negative
8588,test,0.7351078987121582,0.0,0.404296875,predicted_low_margin,second,gray
8597,test,0.3185458183288574,-0.856926441192627,0.0,predicted_low_margin,second,negative
8600,test,0.48620176315307617,0.6839020252227783,0.7706057265625,predicted_low_margin,first,gray
8605,test,0.9884352684020996,1.5036814212799072,1.503681484375,predicted_low_margin,second,gray
8615,test,4.652072429656982,9.337953567504883,9.33795365625,predicted_low_margin,first,positive
8616,test,-0.21796178817749023,0.3089394271373749,0.30893942187499995,predicted_low_margin,second,gray
8626,test,2.6758809089660645,1.8194711208343506,1.8194713124999997,predicted_low_margin,first,gray
8628,test,-0.9242420196533203,0.0,0.8563933828125001,predicted_low_margin,second,gray
8629,test,-0.1365647315979004,0.8752707242965698,0.8752707499999999,predicted_low_margin,second,gray
8630,test,1.482668399810791,1.8069863319396973,1.8261344140625,predicted_low_margin,first,gray
8640,test,0.8254885673522949,0.0,0.0,predicted_low_margin,first,negative
8644,test,1.8029265403747559,3.4707489013671875,3.5355853671874993,predicted_low_margin,second,positive
8658,test,1.4432148933410645,0.1460639238357544,0.14606378124999986,predicted_low_margin,first,gray
8661,test,-0.8766424655914307,0.0,0.0,predicted_low_margin,second,negative
8666,test,2.208007335662842,2.1139721870422363,2.11397259375,predicted_low_margin,second,positive
8667,test,4.434837818145752,3.305957794189453,3.3766534375,predicted_low_margin,second,positive
8678,test,-0.9385471343994141,-0.8134994506835938,0.0,predicted_low_margin,first,negative
8683,test,0.1425933837890625,0.40425872802734375,0.40425941406249954,predicted_low_margin,second,gray
8697,test,-0.45299386978149414,0.0,0.0,predicted_low_margin,first,negative
8705,test,-0.3465423583984375,-0.20427441596984863,0.34761878906249993,predicted_low_margin,second,gray
8707,test,-1.538693904876709,0.0,0.01796125781250002,predicted_low_margin,first,negative
8711,test,-0.7003798484802246,0.0,0.0,predicted_low_margin,second,negative
8714,test,-0.16780519485473633,0.0,0.0,predicted_low_margin,first,negative
8717,test,-0.8176801204681396,0.0,0.5206431874999997,predicted_low_margin,second,gray
8719,test,2.39168119430542,0.0,3.210067375,predicted_low_margin,first,positive
8749,test,0.5655684471130371,0.0,1.9027643437499995,predicted_low_margin,first,gray
8751,test,-0.529498815536499,0.1390552520751953,0.1390550078124999,predicted_low_margin,second,gray
8757,test,-0.0375676155090332,0.0,0.0,predicted_low_margin,second,negative
8759,test,1.7047529220581055,0.0,1.2975288828125002,predicted_low_margin,second,gray
8763,test,1.2193245887756348,0.0,0.6952375781250009,predicted_low_margin,first,gray
8772,test,-0.30571985244750977,0.0,2.3051166171875,predicted_low_margin,first,gray
8776,test,1.7752399444580078,2.124858856201172,2.2017968203125,predicted_low_margin,first,positive
8780,test,-0.7532272338867188,0.10738441348075867,0.9189683046875,predicted_low_margin,first,gray
8782,test,-0.8971447944641113,0.0,0.0,predicted_low_margin,first,negative
8784,test,-0.40809059143066406,-0.0987391471862793,1.2399176406249994,predicted_low_margin,first,gray
8785,test,0.030324459075927734,0.9347810745239258,1.1410081328125,predicted_low_margin,first,gray
8787,test,-0.7323627471923828,-0.04139876365661621,0.0,predicted_low_margin,first,negative
8788,test,0.6842536926269531,-0.169921875,2.4051380625,predicted_low_margin,first,gray
8790,test,-0.6880691051483154,0.0,0.0,predicted_low_margin,first,negative
8795,test,-0.6091635227203369,0.0,0.0,predicted_low_margin,second,negative
8804,test,-2.8089404106140137,0.0,1.2205907421875,predicted_low_margin,first,gray
8808,test,-0.6242928504943848,-0.08754491806030273,0.1350738359374999,predicted_low_margin,second,gray
8815,test,-4.767277240753174,0.0,2.2043953046875,predicted_low_margin,second,gray
8817,test,0.5555381774902344,0.886756181716919,0.8867562109375,predicted_low_margin,second,gray
8829,test,0.10774946212768555,-0.4938325881958008,0.19293878124999964,predicted_low_margin,second,gray
8833,test,1.4139175415039062,0.8186299800872803,0.9529751562500004,predicted_low_margin,second,gray
8834,test,-0.5603830814361572,0.0,0.0,predicted_low_margin,second,negative
8835,test,-0.7752070426940918,0.0,0.0,predicted_low_margin,first,negative
8838,test,-0.629035472869873,4.605177402496338,4.605177585937501,predicted_low_margin,second,positive
8839,test,-0.4422154426574707,0.20190072059631348,0.20190067968750025,predicted_low_margin,first,gray
8862,test,-2.003612995147705,0.0,0.0,predicted_low_margin,first,negative
8875,test,-2.5615620613098145,-0.4645354747772217,0.0,predicted_low_margin,second,negative
8877,test,-1.3209593296051025,-0.8061451315879822,0.0,predicted_low_margin,second,negative
8897,test,0.4191780090332031,0.0,0.3086312109375,predicted_low_margin,first,gray
8905,test,-0.15056133270263672,0.6518857479095459,0.6518856953125001,predicted_low_margin,second,gray
8908,test,-0.7779209613800049,0.31824684143066406,0.31824699218749997,predicted_low_margin,second,gray
8927,test,0.6755733489990234,0.0,0.2443739140625003,predicted_low_margin,first,gray
8930,test,0.03152942657470703,1.8202002048492432,1.8202001171875,predicted_low_margin,second,gray
8933,test,0.8264012336730957,1.5446968078613281,1.5446971093750008,predicted_low_margin,first,gray
8936,test,2.2327957153320312,2.998288631439209,2.9982886874999997,predicted_low_margin,first,positive
8950,test,-0.025077342987060547,-0.3928871154785156,0.0,predicted_low_margin,second,negative
8953,test,0.31514501571655273,2.187995433807373,2.187995515625,predicted_low_margin,first,gray
8955,test,0.15351533889770508,-0.10271179676055908,0.0,predicted_low_margin,first,negative
8967,test,-2.2544753551483154,-0.85799241065979,0.0,predicted_low_margin,second,negative
8970,test,-0.5044505596160889,-0.2956881523132324,0.4151369765624997,predicted_low_margin,second,gray
8972,test,-0.8668789863586426,0.0,0.0,predicted_low_margin,first,negative
8980,test,-0.7194862365722656,0.0,0.0,predicted_low_margin,second,negative
8982,test,0.08658695220947266,-0.4405275881290436,0.0,predicted_low_margin,second,negative
8997,test,1.798464298248291,0.0,0.1427739531250003,predicted_low_margin,first,gray
9000,test,-0.3815131187438965,-0.29879045486450195,0.0,predicted_low_margin,second,negative
9018,test,6.30826997756958,5.109999656677246,5.1099999453125005,predicted_low_margin,second,positive
9033,test,-0.33171558380126953,-0.14449357986450195,0.10972067187499945,predicted_low_margin,second,gray
9036,test,-0.11273193359375,0.02382063865661621,0.02382063281249991,predicted_low_margin,first,negative
9037,test,-0.4293990135192871,-0.9382287263870239,0.0,predicted_low_margin,second,negative
9073,test,0.5627932548522949,0.022250652313232422,0.022250640625000262,predicted_low_margin,second,negative
9088,test,-1.4766769409179688,-3.096132278442383,0.0,predicted_low_margin,second,negative
9089,test,2.5167698860168457,1.1742947101593018,1.174294703125,predicted_low_margin,second,gray
9094,test,-0.5288970470428467,0.6436900496482849,0.7972581328124999,predicted_low_margin,second,gray
9099,test,2.1726412773132324,0.0,0.0,predicted_low_margin,second,negative
9132,test,-0.762789249420166,-0.16130542755126953,1.0864789999999998,predicted_low_margin,second,gray
9138,test,-0.2378840446472168,1.2933518886566162,1.6882288046875003,predicted_low_margin,first,gray
9170,test,3.4464378356933594,2.772679567337036,2.7726797578125004,predicted_low_margin,second,positive
9171,test,0.22509384155273438,0.2897915840148926,0.45462007031250007,predicted_low_margin,first,gray
9175,test,0.5233826637268066,0.5723779201507568,0.5723780078125,predicted_low_margin,first,gray
9178,test,-1.126828670501709,-0.5319039821624756,0.0,predicted_low_margin,first,negative
9199,test,0.46282052993774414,0.0,0.0,predicted_low_margin,first,negative
9205,test,1.2481036186218262,1.3107054233551025,1.3107052421874998,predicted_low_margin,first,gray
9209,test,0.36089372634887695,0.5230169296264648,0.5230169062499996,predicted_low_margin,second,gray
9214,test,-0.2599043846130371,-0.32965755462646484,0.0,predicted_low_margin,second,negative
9219,test,0.03649187088012695,-0.042510986328125,0.0,predicted_low_margin,second,negative
9222,test,-2.594454288482666,0.0,0.12381314062500004,predicted_low_margin,second,gray
9228,test,-0.2630186080932617,0.0,0.451096953125,predicted_low_margin,first,gray
9235,test,-0.7436404228210449,0.0,0.0,predicted_low_margin,first,negative
9249,test,-0.02786397933959961,-0.2755403518676758,0.0,predicted_low_margin,first,negative
9251,test,0.44732093811035156,1.4377331733703613,1.4377332890624999,predicted_low_margin,second,gray
9262,test,-0.6007583141326904,-0.1641085147857666,0.0,predicted_low_margin,first,negative
9266,test,0.3391399383544922,1.4833002090454102,1.7137318124999998,predicted_low_margin,second,gray
9267,test,0.8693013191223145,0.7385892868041992,0.9537788828124998,predicted_low_margin,first,gray
9294,test,0.6100645065307617,0.11523449420928955,0.11523437500000022,predicted_low_margin,second,gray
9302,test,-0.9408161640167236,0.0,0.022288101562500273,predicted_low_margin,second,negative
9311,test,-1.3822975158691406,-3.406100273132324,0.0,predicted_low_margin,second,negative
9322,test,2.553877830505371,3.226067066192627,3.226066984375,predicted_low_margin,first,positive
9331,test,1.4688892364501953,0.0,0.33632063281249946,predicted_low_margin,second,gray
9332,test,-0.43654727935791016,0.09601116180419922,0.09601133593749989,predicted_low_margin,first,gray
9335,test,-0.38117456436157227,0.4679837226867676,0.6413912656249998,predicted_low_margin,second,gray
9340,test,-0.4208688735961914,0.3695237636566162,0.3695237578124999,predicted_low_margin,second,gray
9344,test,-0.10222673416137695,-0.3019307851791382,0.0,predicted_low_margin,first,negative
9350,test,1.1469058990478516,2.9399657249450684,2.939965687499999,predicted_low_margin,second,positive
9360,test,-0.3975963592529297,-0.19607877731323242,0.0,predicted_low_margin,first,negative
9364,test,0.05736732482910156,0.0,0.0,predicted_low_margin,first,negative
9366,test,-0.42476415634155273,0.9498727321624756,0.9498726328124998,predicted_low_margin,second,gray
9370,test,0.6659178733825684,0.0007662773132324219,0.5557619765624999,predicted_low_margin,first,gray
9375,test,-0.34963130950927734,0.0,0.0,predicted_low_margin,second,negative
9382,test,-0.14025497436523438,0.951171875,0.951171875,predicted_low_margin,first,gray
9387,test,-3.4115817546844482,0.0,0.277268828125,predicted_low_margin,second,gray
9388,test,0.17624759674072266,0.0,0.0,predicted_low_margin,first,negative
9418,test,1.5045762062072754,0.6623800992965698,0.6623801250000001,predicted_low_margin,second,gray
9424,test,3.097601890563965,6.306994915008545,6.613984484375001,predicted_low_margin,first,positive
9428,test,-0.026312828063964844,-0.73736572265625,0.9759086171874998,predicted_low_margin,first,gray
9430,test,-1.4186320304870605,-1.1206731796264648,0.0,predicted_low_margin,first,negative
9433,test,-0.04874372482299805,0.0,0.0,predicted_low_margin,first,negative
9435,test,-0.561331033706665,0.21564745903015137,0.21564747656250005,predicted_low_margin,second,gray
9438,test,-0.1814727783203125,0.0,0.0,predicted_low_margin,first,negative
9449,test,-2.3432207107543945,0.0,0.0,predicted_low_margin,first,negative
9455,test,-0.12689685821533203,0.42157530784606934,0.4215753124999999,predicted_low_margin,first,gray
9456,test,-0.3552284240722656,-1.505859375,0.0,predicted_low_margin,second,negative
9457,test,-0.772972583770752,-0.5820311307907104,0.0,predicted_low_margin,first,negative
9460,test,-0.238525390625,0.09413337707519531,0.09413313281249991,predicted_low_margin,second,gray
9468,test,-0.7264282703399658,-0.9494895339012146,0.07345248437500002,predicted_low_margin,second,gray
9470,test,-1.3300421237945557,-2.8242273330688477,0.0,predicted_low_margin,second,negative
9471,test,-0.4363856315612793,-0.06974220275878906,0.697190703125,predicted_low_margin,first,gray
9481,test,-0.22550106048583984,0.0,0.4045676250000003,predicted_low_margin,first,gray
9490,test,1.2503852844238281,0.0,0.1413912656250007,predicted_low_margin,second,gray
9491,test,-0.7865233421325684,-0.3947185277938843,0.0,predicted_low_margin,first,negative
9496,test,0.23605728149414062,0.0,0.0,predicted_low_margin,second,negative
9497,test,0.3210020065307617,-0.5899560451507568,0.12810252343749973,predicted_low_margin,second,gray
9498,test,0.7134389877319336,0.0,0.0,predicted_low_margin,second,negative
9502,test,1.825843334197998,-2.373467445373535,0.5783957499999994,predicted_low_margin,first,gray
9504,test,-1.0220947265625,-0.14177465438842773,0.0,predicted_low_margin,second,negative
9512,test,4.524869441986084,5.738906383514404,5.7389061953125,predicted_low_margin,second,positive
9524,test,-0.6920115947723389,0.003523111343383789,0.003523117187500091,predicted_low_margin,first,negative
9530,test,1.4183788299560547,4.961982727050781,5.7427000625,predicted_low_margin,first,positive
9531,test,2.024106979370117,0.27573633193969727,0.2757362968749999,predicted_low_margin,second,gray
9540,test,-0.0024290084838867188,-0.3195462226867676,0.0,predicted_low_margin,second,negative
9544,test,-0.5196318626403809,0.0,0.08084439062499982,predicted_low_margin,first,gray
9558,test,-0.870107889175415,0.2353367805480957,0.23533709375000011,predicted_low_margin,first,gray
9560,test,-2.892666816711426,-1.6772022247314453,0.5964693906249998,predicted_low_margin,first,gray
9566,test,1.5758943557739258,-0.16521191596984863,0.0,predicted_low_margin,first,negative
9571,test,-0.5501677989959717,0.4073619842529297,0.4073619374999997,predicted_low_margin,second,gray
9572,test,-2.4112586975097656,-0.5572195053100586,0.0,predicted_low_margin,first,negative
9578,test,0.8557610511779785,-0.22074031829833984,0.0,predicted_low_margin,first,negative
9581,test,-0.5290007591247559,0.2956886291503906,0.2956881406250016,predicted_low_margin,second,gray
9586,test,-1.3509480953216553,-0.064453125,0.0,predicted_low_margin,second,negative
9590,test,-4.426026344299316,-3.080049514770508,0.39139126562500026,predicted_low_margin,second,gray
9594,test,0.2747049331665039,-0.9999628067016602,0.0,predicted_low_margin,first,negative
9595,test,-0.7888321876525879,0.009803086519241333,0.6018707109375,predicted_low_margin,second,gray
9599,test,2.110745429992676,2.8565521240234375,2.8565517499999995,predicted_low_margin,first,positive
9609,test,-1.1203868389129639,0.0,0.08084439062499982,predicted_low_margin,second,gray
9613,test,-0.5567266941070557,0.0,0.032128648437501184,predicted_low_margin,first,negative
9620,test,-0.9791445732116699,-0.776885986328125,1.1766598984375003,predicted_low_margin,second,gray
9621,test,1.3253073692321777,0.0,0.0,predicted_low_margin,first,negative
9622,test,-0.08905029296875,0.0,0.0,predicted_low_margin,second,negative
9633,test,0.08201026916503906,0.0,0.0,predicted_low_margin,first,negative
9644,test,-2.0381901264190674,-0.497589111328125,0.21989939843749973,predicted_low_margin,second,gray
9645,test,2.441514015197754,1.9259023666381836,1.9259021562499994,predicted_low_margin,second,gray
9648,test,0.4998183250427246,0.0,0.5690507187500002,predicted_low_margin,first,gray
9657,test,-3.7702903747558594,0.0,0.18631314062500004,predicted_low_margin,second,gray
9658,test,1.183183193206787,0.0,0.10975813281249991,predicted_low_margin,first,gray
9660,test,-1.9705195426940918,0.0,0.0,predicted_low_margin,first,negative
9669,test,-1.912172555923462,0.0,0.0,predicted_low_margin,first,negative
9670,test,1.8150501251220703,3.100421667098999,3.159015375,predicted_low_margin,first,positive
9676,test,-1.2390103340148926,0.0,0.15778253124999986,predicted_low_margin,first,gray
9677,test,-0.6289381980895996,0.8553564548492432,1.478515625,predicted_low_margin,second,gray
9681,test,-0.6698763370513916,0.5127182006835938,0.6013751953124995,predicted_low_margin,second,gray
9684,test,-1.8958866596221924,0.0,0.0,predicted_low_margin,second,negative
9685,test,-0.9202451705932617,0.0,0.0,predicted_low_margin,first,negative
9687,test,0.1611328125,-0.4749727249145508,0.5274101484375002,predicted_low_margin,second,gray
9708,test,-0.22639131546020508,-0.1683521270751953,0.0,predicted_low_margin,first,negative
9711,test,0.43567800521850586,-0.0003833770751953125,0.48587007031250007,predicted_low_margin,second,gray
9722,test,0.9271917343139648,-0.8765702247619629,0.09646939062500026,predicted_low_margin,second,gray
9726,test,-1.157477855682373,2.8105177879333496,2.8105179375,predicted_low_margin,first,positive
9731,test,-3.1586008071899414,-0.14533497393131256,0.0,predicted_low_margin,second,negative
9740,test,0.10314178466796875,0.32418060302734375,0.4140625,predicted_low_margin,second,gray
9749,test,-1.1416993141174316,1.2911739349365234,1.2911739921874998,predicted_low_margin,second,gray
9753,test,-0.7015507221221924,-0.7887630462646484,0.0,predicted_low_margin,first,negative
9756,test,-0.9177887439727783,0.3374319076538086,0.3374325703124992,predicted_low_margin,second,gray
9765,test,0.4974842071533203,0.0,0.36558004687500034,predicted_low_margin,first,gray
9774,test,-0.30909204483032227,1.6368770599365234,1.6368771171875,predicted_low_margin,first,gray
9775,test,-1.3493590354919434,0.14181184768676758,0.14181185937500018,predicted_low_margin,second,gray
9795,test,-0.32892942428588867,-0.17965006828308105,0.0,predicted_low_margin,first,negative
9797,test,-1.0556073188781738,0.0,0.0,predicted_low_margin,first,negative
9800,test,-0.0018787384033203125,0.0,0.8577675468749999,predicted_low_margin,second,gray
9805,test,-1.1949028968811035,-0.0263901948928833,0.0,predicted_low_margin,second,negative
9822,test,0.16412019729614258,-0.8753457069396973,1.6105243984375002,predicted_low_margin,first,gray
9828,test,1.58906888961792,0.028839111328125,0.08624571093750077,predicted_low_margin,second,gray
9829,test,1.0603938102722168,2.369494915008545,2.3694948203124997,predicted_low_margin,second,gray
9842,test,-2.741424083709717,-0.21515202522277832,0.01451306249999984,predicted_low_margin,second,negative
9870,test,0.1335768699645996,0.800919234752655,0.8009192031250001,predicted_low_margin,second,gray
9873,test,-0.03633594512939453,0.0,0.0,predicted_low_margin,second,negative
9878,test,0.32138538360595703,-0.7237682342529297,0.0,predicted_low_margin,second,negative
9883,test,3.7105278968811035,4.8068623542785645,4.8068620234375,predicted_low_margin,first,positive
9884,test,1.5324864387512207,0.0,0.0,predicted_low_margin,first,negative
9888,test,2.2655625343322754,2.501307487487793,2.501307765625,predicted_low_margin,second,positive
9889,test,2.3145880699157715,4.338170051574707,4.3381698984375,predicted_low_margin,first,positive
9896,test,0.3355245590209961,0.8194336891174316,0.8194338515624997,predicted_low_margin,second,gray
9897,test,-0.32471704483032227,0.0,0.59639446875,predicted_low_margin,second,gray
9907,test,-0.8092555999755859,-0.04488420486450195,0.27409138281250023,predicted_low_margin,second,gray
9910,test,0.5282459259033203,0.0,0.0,predicted_low_margin,second,negative
9914,test,0.17597341537475586,-0.1410081386566162,0.0,predicted_low_margin,second,negative
9915,test,0.5516290664672852,0.0,0.8177514765625,predicted_low_margin,second,gray
9920,test,-0.5965757369995117,0.13116759061813354,0.1311675859375,predicted_low_margin,second,gray
9923,test,0.08311748504638672,0.0,0.24950448437500006,predicted_low_margin,first,gray
9936,test,-0.5847756862640381,-0.47645020484924316,0.4530875390625,predicted_low_margin,second,gray
9943,test,-1.0677721500396729,0.8139200210571289,0.85531890625,predicted_low_margin,first,gray
9946,test,2.6032304763793945,3.9780664443969727,4.291294898437499,predicted_low_margin,first,positive
9949,test,0.33744096755981445,0.0,0.0,predicted_low_margin,first,negative
9959,test,-0.8172318935394287,-0.9952902793884277,2.0683968359375,predicted_low_margin,second,positive
9965,test,1.9386076927185059,-0.3093225955963135,0.36829943750000016,predicted_low_margin,second,gray
9989,test,-0.8140871524810791,0.0,0.0,predicted_low_margin,second,negative
9993,test,1.1085634231567383,0.9093151092529297,0.9093150624999999,predicted_low_margin,second,gray
9994,test,0.5725479125976562,0.06093025207519531,0.5323619375000002,predicted_low_margin,first,gray
10000,test,-0.7896625995635986,-0.072265625,0.16015625,predicted_low_margin,first,gray
10015,test,2.2183027267456055,0.0,0.0,predicted_low_margin,first,negative
10024,test,-2.3013129234313965,-1.0998427867889404,0.0,predicted_low_margin,second,negative
10036,test,-0.5186119079589844,0.041015625,0.32544307031249886,predicted_low_margin,first,gray
10038,test,0.4255385398864746,1.8783445358276367,1.8783443359374998,predicted_low_margin,first,gray
10042,test,-1.6401948928833008,-0.6045526266098022,0.07575128125000008,predicted_low_margin,second,gray
10052,test,-0.17612552642822266,-2.6631550788879395,0.0,predicted_low_margin,second,negative
10060,test,0.23210716247558594,1.641970157623291,1.7072270781249994,predicted_low_margin,first,gray
10070,test,-0.6934664249420166,0.0,0.0,predicted_low_margin,second,negative
10071,test,-2.4043538570404053,0.0,1.5462671015625,predicted_low_margin,first,gray
10076,test,1.2130794525146484,0.0,2.020026765625,predicted_low_margin,second,gray
10092,test,1.2160148620605469,0.5096907615661621,0.509690703125,predicted_low_margin,first,gray
10096,test,0.5099058151245117,0.6404377222061157,0.6404376953124999,predicted_low_margin,first,gray
10100,test,0.7060260772705078,1.5550708770751953,1.5550706328125,predicted_low_margin,second,gray
10109,test,-0.011275768280029297,0.36144018173217773,0.7309642656250004,predicted_low_margin,second,gray
10129,test,-1.081188678741455,0.0,0.0,predicted_low_margin,first,negative
10130,test,-1.3757565021514893,0.0,0.24372003124999964,predicted_low_margin,second,gray
10132,test,3.7074809074401855,0.8835783004760742,0.9136793671875001,predicted_low_margin,first,gray
10143,test,-0.1274571418762207,0.0,1.0081207109374999,predicted_low_margin,second,gray
10164,test,-0.11610698699951172,0.0,0.0,predicted_low_margin,second,negative
10168,test,-3.5669639110565186,0.0,0.0,predicted_low_margin,second,negative
10190,test,-0.6986873149871826,0.0,0.0,predicted_low_margin,first,negative
10195,test,-3.564232587814331,-3.926060199737549,0.2902118984374997,predicted_low_margin,first,gray
10207,test,0.8580536842346191,-0.6823320388793945,0.7635220312500008,predicted_low_margin,first,gray
10208,test,2.6535115242004395,0.0,0.0,predicted_low_margin,first,negative
10220,test,-0.8277344703674316,0.0,0.0,predicted_low_margin,second,negative
10236,test,-0.8530852794647217,0.0,0.611598875,predicted_low_margin,first,gray
10268,test,0.13686275482177734,0.0,0.33931077343750005,predicted_low_margin,first,gray
10272,test,0.5806112289428711,0.0,0.0,predicted_low_margin,first,negative
10275,test,0.24046897888183594,1.5176610946655273,1.5176615703124998,predicted_low_margin,first,gray
10286,test,-0.5284056663513184,-1.3476732969284058,0.4929163046874998,predicted_low_margin,second,gray
10303,test,-0.9021093845367432,-0.04293107986450195,0.0,predicted_low_margin,first,negative
10305,test,-2.719102382659912,-1.142961025238037,0.0,predicted_low_margin,first,negative
10310,test,0.8886690139770508,1.263596534729004,2.328508132812501,predicted_low_margin,first,gray
10312,test,-0.5942225456237793,0.0,0.05112692187499998,predicted_low_margin,second,gray
10313,test,1.1379852294921875,-0.19255638122558594,0.0,predicted_low_margin,first,negative
10321,test,0.013543128967285156,0.24957847595214844,0.4795901015625006,predicted_low_margin,first,gray
10322,test,1.349273681640625,-3.2852020263671875,1.779072109374999,predicted_low_margin,second,gray
10327,test,0.10831356048583984,0.0,2.0113066796875,predicted_low_margin,first,gray
10331,test,-1.776702880859375,-1.3805136680603027,0.0,predicted_low_margin,second,negative
10334,test,-0.6763319969177246,0.0,0.0,predicted_low_margin,first,negative
10341,test,0.42580223083496094,0.0,0.0,predicted_low_margin,first,negative
10344,test,0.5019278526306152,0.9695539474487305,0.9695537265625003,predicted_low_margin,second,gray
10346,test,-0.39516401290893555,0.0,0.0,predicted_low_margin,second,negative
10354,test,1.7098174095153809,0.6432694792747498,0.64326946875,predicted_low_margin,first,gray
10357,test,0.3436264991760254,1.0155127048492432,1.0155126171875,predicted_low_margin,first,gray
10359,test,1.2155308723449707,0.0,0.33314318750000016,predicted_low_margin,second,gray
10363,test,-8.211594581604004,-0.18045377731323242,0.0,predicted_low_margin,first,negative
10385,test,1.790600299835205,0.0,1.0267358515625,predicted_low_margin,first,gray
10386,test,2.2348403930664062,0.0,0.0,predicted_low_margin,first,negative
10388,test,-0.07548379898071289,0.0,0.5749475546875003,predicted_low_margin,second,gray
10393,test,-2.3168091773986816,-0.3000144958496094,1.3637103671874993,predicted_low_margin,first,gray
10401,test,0.9938445091247559,-0.2445230484008789,0.0,predicted_low_margin,first,negative
10410,test,0.3909111022949219,0.7230019569396973,1.65805328125,predicted_low_margin,first,gray
10414,test,-8.693222045898438,-0.7191705703735352,0.0,predicted_low_margin,second,negative
10423,test,-2.4186387062072754,-1.9995880126953125,0.0,predicted_low_margin,second,negative
10425,test,2.2163076400756836,3.077479600906372,3.0774796406249996,predicted_low_margin,second,positive
10430,test,1.0806236267089844,0.0,0.14725064062499982,predicted_low_margin,first,gray
10434,test,2.082517623901367,0.29891157150268555,0.47342251562500026,predicted_low_margin,second,gray
10437,test,-0.47246789932250977,0.0,0.0,predicted_low_margin,first,negative
10438,test,2.0986952781677246,4.327525615692139,4.327525625,predicted_low_margin,second,positive
10439,test,-2.061828374862671,0.2565879821777344,0.25658817968750114,predicted_low_margin,second,gray
10450,test,0.5223970413208008,0.0,0.0,predicted_low_margin,second,negative
10454,test,1.0776453018188477,0.0,0.8648137812500005,predicted_low_margin,second,gray
10456,test,0.6227278709411621,-0.3726465702056885,0.0,predicted_low_margin,first,negative
10458,test,-0.41497182846069336,0.0,0.0,predicted_low_margin,second,negative
10462,test,-1.0432779788970947,0.0,0.0,predicted_low_margin,second,negative
10469,test,-1.062187671661377,0.0,1.1016459453125003,predicted_low_margin,second,gray
10475,test,-0.4727976322174072,-0.2889127731323242,0.08084439062499982,predicted_low_margin,second,gray
10478,test,0.06822872161865234,0.21917057037353516,0.21917059374999992,predicted_low_margin,second,gray
10483,test,1.2498283386230469,1.1179912090301514,1.2995943906249998,predicted_low_margin,first,gray
10484,test,-1.0413122177124023,0.0,0.08562928906250011,predicted_low_margin,second,gray
10496,test,-0.5683176517486572,0.14786720275878906,0.45875960937499904,predicted_low_margin,second,gray
10497,test,-1.8282866477966309,0.0,0.7385519999999994,predicted_low_margin,second,gray
10499,test,2.02620792388916,0.3867186903953552,0.38671875,predicted_low_margin,second,gray
10504,test,0.21717453002929688,0.0,0.0,predicted_low_margin,first,negative
10505,test,-1.2080252170562744,1.0408658981323242,1.04086578125,predicted_low_margin,first,gray
10518,test,0.7860851287841797,-1.064340591430664,0.0,predicted_low_margin,first,negative
10529,test,0.7587800025939941,0.0,0.0,predicted_low_margin,second,negative
10541,test,0.945610523223877,7.53987455368042,7.539874749999999,predicted_low_margin,first,positive
10553,test,0.9555597305297852,1.7998361587524414,1.9717112031250004,predicted_low_margin,first,gray
10561,test,1.3395452499389648,0.0,0.09723565625000052,predicted_low_margin,first,gray
10567,test,-1.9381513595581055,-0.3804013729095459,0.0,predicted_low_margin,second,negative
10584,test,-1.390031337738037,0.0,0.42451946875,predicted_low_margin,first,gray
10585,test,0.3410201072692871,-0.5655274391174316,0.0,predicted_low_margin,second,negative
10601,test,-1.6425807476043701,1.3912410736083984,2.313041499999999,predicted_low_margin,first,gray
10602,test,1.7394933700561523,0.0,0.09765625,predicted_low_margin,second,gray
10609,test,-0.7605793476104736,0.0,0.13200877343749973,predicted_low_margin,second,gray
10610,test,1.0691914558410645,0.0,0.7760070468749998,predicted_low_margin,second,gray
10616,test,-1.3907146453857422,1.221273422241211,1.2212735624999995,predicted_low_margin,first,gray
10628,test,1.2246603965759277,0.328125,0.82421875,predicted_low_margin,first,gray
10632,test,0.9532604217529297,2.1782007217407227,3.7877343203124996,predicted_low_margin,second,positive
10633,test,0.08205175399780273,0.44879817962646484,0.5448844140625004,predicted_low_margin,first,gray
10636,test,0.38001298904418945,0.030446529388427734,1.4154077265625,predicted_low_margin,second,gray
10645,test,0.34390974044799805,-0.08241415023803711,0.0,predicted_low_margin,first,negative
10651,test,1.2346768379211426,0.0,0.0,predicted_low_margin,first,negative
10655,test,-0.9523546695709229,0.0,0.0,predicted_low_margin,first,negative
10675,test,-1.5993914604187012,-0.29997730255126953,0.0,predicted_low_margin,first,negative
10687,test,0.02026510238647461,-0.4844498634338379,0.0,predicted_low_margin,first,negative
10694,test,0.3461761474609375,-0.20232105255126953,0.0,predicted_low_margin,first,negative
10697,test,0.04588794708251953,-0.4836082458496094,0.0,predicted_low_margin,first,negative
10718,test,-4.1535186767578125,-0.1488206386566162,0.0,predicted_low_margin,second,negative
10726,test,-1.1712889671325684,-0.28630542755126953,0.1265699921875001,predicted_low_margin,first,gray
10735,test,-0.3570680618286133,0.010914802551269531,0.010915023437499727,predicted_low_margin,second,negative
10737,test,2.1194252967834473,2.4077911376953125,2.4077910546874994,predicted_low_margin,first,gray
10743,test,-0.5536575317382812,0.0,1.8759246328125005,predicted_low_margin,first,gray
10763,test,0.014753341674804688,-0.030904293060302734,0.0,predicted_low_margin,second,negative
10765,test,-1.589163064956665,0.0,0.0,predicted_low_margin,second,negative
10773,test,0.8592042922973633,0.6254205703735352,1.1335787656249998,predicted_low_margin,first,gray
10778,test,1.5321307182312012,4.073769569396973,4.07376921875,predicted_low_margin,first,positive
10783,test,-1.0532667636871338,2.9054384231567383,3.6225802968750003,predicted_low_margin,second,positive
10785,test,1.2480559349060059,0.0,3.1046360859375,predicted_low_margin,first,positive
10789,test,-0.16700220108032227,0.0,0.31793878124999964,predicted_low_margin,first,gray
10793,test,-0.12634658813476562,0.0,0.0,predicted_low_margin,first,negative
10817,test,-0.6926970481872559,2.418930768966675,2.41893084375,predicted_low_margin,first,positive
10831,test,0.8841276168823242,0.0,0.0,predicted_low_margin,second,negative
10833,test,0.17586851119995117,0.0,0.0,predicted_low_margin,second,negative
10834,test,0.02739715576171875,1.2241888046264648,1.22418878125,predicted_low_margin,first,gray
10836,test,0.0718832015991211,0.41402530670166016,0.41402503906249954,predicted_low_margin,first,gray
10842,test,-2.3110578060150146,0.8458619117736816,5.762006546875,predicted_low_margin,second,positive
10844,test,-1.9726321697235107,0.0,0.9404901406250001,predicted_low_margin,first,gray
10846,test,1.0984692573547363,0.0,0.9729270000000003,predicted_low_margin,first,gray
10854,test,-0.0707540512084961,0.19837749004364014,0.19837756249999994,predicted_low_margin,second,gray
10855,test,0.8446502685546875,0.0,0.04320203906250031,predicted_low_margin,first,negative
10858,test,-0.03944873809814453,0.0,0.41057684375,predicted_low_margin,second,gray
10865,test,0.7159552574157715,0.6074762344360352,0.6074763828125,predicted_low_margin,first,gray
10868,test,0.3981447219848633,-0.38583993911743164,0.0011868593750001821,predicted_low_margin,second,negative
10869,test,1.5347533226013184,2.0787036418914795,2.0787039609374998,predicted_low_margin,first,positive
10871,test,0.38741016387939453,0.48571157455444336,0.8020804921875002,predicted_low_margin,first,gray
10879,test,-0.5378832817077637,-1.392166018486023,0.0,predicted_low_margin,second,negative
10881,test,1.2422609329223633,0.44385504722595215,0.44385489062499994,predicted_low_margin,second,gray
10884,test,-0.4546480178833008,-2.5448927879333496,0.0,predicted_low_margin,first,negative
10887,test,-0.8741326332092285,-1.1643332242965698,0.2460562890625,predicted_low_margin,second,gray
10889,test,-0.05185556411743164,1.6069263219833374,1.827059046875,predicted_low_margin,second,gray
10892,test,-0.09306049346923828,0.0,0.07498501562499982,predicted_low_margin,second,gray
10952,test,0.8059601783752441,0.0,0.34298373437499996,predicted_low_margin,second,gray
10956,test,0.561363697052002,0.10428190231323242,1.9215753125,predicted_low_margin,second,gray
10960,test,0.04261159896850586,1.5520515441894531,1.5520515546875,predicted_low_margin,second,gray
10968,test,-1.7786824703216553,-0.043239474296569824,0.0,predicted_low_margin,second,negative
10969,test,-3.3934426307678223,0.839881181716919,0.8398812109375,predicted_low_margin,first,gray
10984,test,0.06292867660522461,0.0,0.0,predicted_low_margin,first,negative
10994,test,-0.9631245136260986,0.45649826526641846,0.45649827343750005,predicted_low_margin,first,gray
11014,test,-1.711801528930664,0.4285755753517151,0.4285755625,predicted_low_margin,first,gray
11026,test,-1.0523083209991455,-0.7629055976867676,0.0,predicted_low_margin,second,negative
11032,test,0.6021032333374023,-0.35550594329833984,0.5947870156250001,predicted_low_margin,first,gray
11043,test,0.807065486907959,-0.004672527313232422,0.2109000390625,predicted_low_margin,second,gray
11048,test,1.097120761871338,2.4516384601593018,2.4516384531249997,predicted_low_margin,first,gray
11049,test,-1.2459344863891602,-0.31246280670166016,0.0,predicted_low_margin,second,negative
11054,test,-1.3005671501159668,0.0,0.0,predicted_low_margin,second,negative
11063,test,0.40290117263793945,-2.5278477668762207,0.0,predicted_low_margin,second,negative
11067,test,-2.226276397705078,-2.1263914108276367,0.0,predicted_low_margin,second,negative
11092,test,-1.4456853866577148,-3.175556182861328,0.0,predicted_low_margin,first,negative
11094,test,0.3820304870605469,-0.6226637363433838,0.0,predicted_low_margin,first,negative
11102,test,1.5416193008422852,2.4003243446350098,3.1595943359374994,predicted_low_margin,second,positive
11106,test,0.6402492523193359,0.0,0.0,predicted_low_margin,second,negative
11112,test,0.7953262329101562,0.5812274813652039,0.97055328125,predicted_low_margin,first,gray
11121,test,0.14985179901123047,1.3538236618041992,1.6862007578124993,predicted_low_margin,first,gray
11128,test,-0.5714893341064453,0.0,0.22438460937499993,predicted_low_margin,second,gray
11141,test,-0.19835901260375977,0.19029438495635986,1.2397763203124998,predicted_low_margin,first,gray
11142,test,2.4467344284057617,1.3759245872497559,1.9715528359375,predicted_low_margin,second,gray
11164,test,4.458143711090088,7.003810882568359,7.0741234140625,predicted_low_margin,second,positive
11178,test,-5.754332542419434,-0.09218025207519531,6.533211648437501,predicted_low_margin,second,positive
11183,test,0.20914220809936523,1.3959139585494995,1.3959139374999998,predicted_low_margin,second,gray
11188,test,-3.881762742996216,-0.13943815231323242,0.0,predicted_low_margin,first,negative
11190,test,-0.2614283561706543,0.3491513431072235,0.34915132031249996,predicted_low_margin,second,gray
11199,test,1.6544198989868164,-2.954928159713745,0.0,predicted_low_margin,first,negative
11204,test,-0.15024328231811523,0.0,0.0,predicted_low_margin,second,negative
11205,test,-0.776594877243042,-0.5917224884033203,0.0,predicted_low_margin,first,negative
11211,test,-0.5073316097259521,0.10002997517585754,0.6521189843749999,predicted_low_margin,first,gray
11225,test,-1.4587340354919434,-0.6194113492965698,0.26129815625,predicted_low_margin,second,gray
11245,test,-0.6962981224060059,0.0,0.0,predicted_low_margin,first,negative
11256,test,-0.9358608722686768,0.0,0.0,predicted_low_margin,second,negative
11274,test,-3.2064597606658936,0.2616438865661621,1.3216577265624991,predicted_low_margin,second,gray
11275,test,-1.0248754024505615,0.13009309768676758,0.13009310937499996,predicted_low_margin,second,gray
11277,test,-3.2466001510620117,0.0,0.014055007812500006,predicted_low_margin,second,negative
11280,test,-7.133268356323242,-0.6313920021057129,0.4070162656249998,predicted_low_margin,first,gray
11293,test,-0.7497906684875488,0.2581956386566162,3.1890699921875,predicted_low_margin,second,positive
11297,test,-0.5099549293518066,1.6896491050720215,1.6896489531250003,predicted_low_margin,second,gray
11298,test,1.4586219787597656,0.236328125,0.2804462734375006,predicted_low_margin,first,gray
11299,test,-5.755653381347656,-3.864439010620117,0.0,predicted_low_margin,second,negative
11314,test,-0.27696990966796875,0.08904004096984863,0.08904002343750017,predicted_low_margin,second,gray
11315,test,-0.34297657012939453,-2.353440999984741,0.12810252343750017,predicted_low_margin,first,gray
11318,test,0.9534568786621094,0.008578777313232422,0.00857876562500004,predicted_low_margin,first,negative
11319,test,1.9994168281555176,0.0,0.0,predicted_low_margin,second,negative
11331,test,-0.04938316345214844,-0.10068416595458984,0.09148866406250011,predicted_low_margin,second,gray
11339,test,-4.143995761871338,0.0,0.6482127343749999,predicted_low_margin,second,gray
11361,test,-0.3947591781616211,-1.3049207925796509,0.5795281015625001,predicted_low_margin,first,gray
11373,test,-1.7571487426757812,-4.610074996948242,0.46285316406249954,predicted_low_margin,first,gray
11380,test,-2.4500181674957275,-0.36530929803848267,0.0030276015624999333,predicted_low_margin,second,negative
11388,test,-2.692286968231201,0.0,0.8827001171875004,predicted_low_margin,second,gray
11390,test,0.6972770690917969,-0.07774186134338379,0.0,predicted_low_margin,second,negative
11398,test,-0.8089666366577148,0.0,0.0,predicted_low_margin,first,negative
11408,test,-3.710191249847412,-0.5309792757034302,0.06560252343749973,predicted_low_margin,first,gray
11412,test,0.2585020065307617,0.0,3.0281185390625005,predicted_low_margin,first,positive
11421,test,-0.5656280517578125,-1.2223482131958008,0.0,predicted_low_margin,first,negative
11430,test,1.149703025817871,-0.005859375,3.466750890625,predicted_low_margin,first,positive
11437,test,-0.07480478286743164,0.0,0.4635445078124998,predicted_low_margin,second,gray
11472,test,0.31627988815307617,0.6850138902664185,0.6850138984375,predicted_low_margin,first,gray
11474,test,1.0974879264831543,-1.4037264585494995,1.1202525625,predicted_low_margin,first,gray
11479,test,-0.7544832229614258,0.30829405784606934,0.9168653359375001,predicted_low_margin,first,gray
11483,test,-3.4121246337890625,-0.41260480880737305,0.2800256796874998,predicted_low_margin,first,gray
11491,test,-5.256565093994141,0.0,0.40816566406250043,predicted_low_margin,second,gray
11494,test,1.2191658020019531,0.0,0.0,predicted_low_margin,first,negative
11497,test,1.4473843574523926,0.0,0.0,predicted_low_margin,first,negative
11515,test,-3.731443166732788,0.2513740062713623,1.1380554531250002,predicted_low_margin,first,gray
11519,test,-1.4607222080230713,0.5736396312713623,0.5736397890625002,predicted_low_margin,first,gray
11524,test,2.359135150909424,2.3262553215026855,2.3262553203125003,predicted_low_margin,first,gray
11526,test,0.22841978073120117,1.1377182006835938,5.7987327890625,predicted_low_margin,first,positive
11536,test,0.5764017105102539,0.0,0.0,predicted_low_margin,first,negative
11555,test,0.6700315475463867,0.0,0.16754815624999964,predicted_low_margin,first,gray
11556,test,-0.05177927017211914,0.0,0.09188032031249982,predicted_low_margin,second,gray
11557,test,-0.01853656768798828,-0.35041284561157227,2.8360584062499994,predicted_low_margin,second,positive
11559,test,0.504584789276123,-0.06368684768676758,0.0,predicted_low_margin,second,negative
11564,test,-1.0735325813293457,-0.4522089958190918,0.18830372656249983,predicted_low_margin,first,gray
11568,test,-0.07016611099243164,-0.0011119544506072998,0.3859524843749999,predicted_low_margin,second,gray
11569,test,0.6182618141174316,1.150315761566162,1.491962734375,predicted_low_margin,first,gray
11573,test,0.23789596557617188,-0.8042669296264648,1.2505789609374993,predicted_low_margin,first,gray
11590,test,0.3700690269470215,2.5767884254455566,2.5767882968749998,predicted_low_margin,second,gray
11594,test,-3.594726085662842,0.0,0.02968000781249991,predicted_low_margin,second,negative
11595,test,1.7771625518798828,3.0883944034576416,3.2868096875,predicted_low_margin,first,positive
11599,test,-1.7182328701019287,0.0,0.0,predicted_low_margin,second,negative
11604,test,0.7633991241455078,0.46760058403015137,3.405875390625,predicted_low_margin,second,positive
11612,test,-3.1892476081848145,-4.587178707122803,0.0,predicted_low_margin,second,negative
11619,test,-1.4826703071594238,-0.3855314254760742,0.834442429687499,predicted_low_margin,second,gray
11621,test,-0.5844202041625977,0.0,2.6796500390624995,predicted_low_margin,second,positive
11623,test,-1.009164810180664,0.0,0.18864939843750061,predicted_low_margin,first,gray
11625,test,-1.8579554557800293,0.0,0.0,predicted_low_margin,second,negative
11629,test,-1.4418132305145264,-0.6417369842529297,0.0,predicted_low_margin,first,negative
11635,test,0.6774353981018066,0.0,0.0,predicted_low_margin,second,negative
11639,test,1.479647159576416,0.0,1.1506239140625008,predicted_low_margin,second,gray
11643,test,2.004164695739746,-0.6709961891174316,0.0,predicted_low_margin,second,negative
11647,test,0.7469587326049805,1.6956205368041992,2.4302664609374993,predicted_low_margin,second,gray
11649,test,0.33549976348876953,-0.062117576599121094,0.0,predicted_low_margin,second,negative
11650,test,-2.789079189300537,0.0,0.0,predicted_low_margin,first,negative
11654,test,2.7244629859924316,1.1107577085494995,1.1107576874999998,predicted_low_margin,first,gray
11662,test,0.6177854537963867,-2.5015785694122314,0.0,predicted_low_margin,first,negative
11664,test,-0.9265379905700684,0.0,0.0,predicted_low_margin,second,negative
11667,test,1.3892669677734375,-1.5451550483703613,0.5983850546875,predicted_low_margin,first,gray
11675,test,-0.35696840286254883,0.0,0.0,predicted_low_margin,first,negative
11695,test,2.504848003387451,2.0572195053100586,2.0572195859374998,predicted_low_margin,second,gray
11697,test,-0.3362102508544922,0.0,0.10428189062500004,predicted_low_margin,second,gray
11700,test,-1.2456414699554443,0.0757894515991211,0.07578874218750009,predicted_low_margin,first,gray
11708,test,0.7679972648620605,10.301481246948242,12.8069948203125,predicted_low_margin,second,positive
11712,test,-0.10231828689575195,-0.4596385955810547,0.0,predicted_low_margin,second,negative
11718,test,-0.17241191864013672,0.0,1.0909556875000002,predicted_low_margin,first,gray
11722,test,-0.9060943126678467,-0.07264876365661621,0.0,predicted_low_margin,second,negative
11728,test,2.6043176651000977,0.0,0.0,predicted_low_margin,second,negative
11729,test,1.0117096900939941,-5.390987396240234,0.13786814843749973,predicted_low_margin,second,gray
11742,test,0.2704935073852539,-0.18083691596984863,1.2309727890625002,predicted_low_margin,first,gray
11743,test,-2.6038260459899902,0.0,0.04216502343749973,predicted_low_margin,second,negative
11745,test,1.2531180381774902,-3.9628243446350098,0.0,predicted_low_margin,first,negative
11764,test,-1.3883395195007324,-2.2527568340301514,0.06549014062500014,predicted_low_margin,second,gray
11768,test,-2.96431565284729,-0.21809613704681396,0.0,predicted_low_margin,second,negative
11769,test,0.5901193618774414,-0.9033432602882385,0.7898287656249998,predicted_low_margin,first,gray
11783,test,-0.09327316284179688,4.261139869689941,4.2611397890625,predicted_low_margin,second,positive
11786,test,-0.8358573913574219,0.0,0.0,predicted_low_margin,second,negative
11789,test,0.5653634071350098,-0.3969424366950989,0.0,predicted_low_margin,second,negative
11810,test,-3.238798141479492,-0.3796350955963135,0.0,predicted_low_margin,first,negative
11811,test,-0.631066083908081,-0.10087108612060547,1.0517058828124997,predicted_low_margin,first,gray
11816,test,-0.36078405380249023,0.0,0.5353895390625003,predicted_low_margin,first,gray
11823,test,-0.6476914882659912,0.0,0.10703874218750009,predicted_low_margin,first,gray
11829,test,-2.112290143966675,-0.09451627731323242,0.0,predicted_low_margin,second,negative
11836,test,2.5710649490356445,5.412227630615234,5.412226914062501,predicted_low_margin,first,positive
11839,test,-1.3544037342071533,0.0,0.29136129687500034,predicted_low_margin,first,gray
11863,test,-0.60866379737854,-0.7484300136566162,0.0,predicted_low_margin,first,negative
11874,test,-3.022791862487793,0.08076953887939453,0.9724689453125004,predicted_low_margin,first,gray
11884,test,3.2074227333068848,0.0,2.1526230234375,predicted_low_margin,first,gray
11891,test,-2.0439612865448,-0.21090006828308105,0.0,predicted_low_margin,first,negative
11896,test,-3.9331581592559814,-0.6094874143600464,0.0,predicted_low_margin,second,negative
11897,test,-1.2947216033935547,-1.4089689254760742,0.373046875,predicted_low_margin,first,gray
11904,test,0.8408598899841309,0.6295976638793945,0.6295975937499998,predicted_low_margin,second,gray
11907,test,0.5431675910949707,-0.3495345115661621,0.0,predicted_low_margin,second,negative
11916,test,-0.2830052375793457,-2.1217596530914307,0.0,predicted_low_margin,second,negative
11927,test,4.389277935028076,2.3903627395629883,2.3903627734375004,predicted_low_margin,first,gray
11933,test,-0.4324369430541992,0.0,0.0,predicted_low_margin,first,negative
11934,test,1.6752853393554688,0.04997730255126953,0.4636568906250007,predicted_low_margin,second,gray
11935,test,-1.0581059455871582,0.0,0.0,predicted_low_margin,first,negative
11942,test,0.32498645782470703,0.0,0.0,predicted_low_margin,first,negative
11950,test,0.281191349029541,1.4686001539230347,2.30396721875,predicted_low_margin,first,gray
11954,test,0.8117475509643555,0.0,2.055574671874999,predicted_low_margin,second,gray
11955,test,-0.3535442352294922,-1.121018886566162,0.0,predicted_low_margin,second,negative
11972,test,-3.3711729049682617,-1.4095942974090576,0.0,predicted_low_margin,second,negative
11985,test,-0.02663564682006836,-1.73541259765625,0.12308433593749957,predicted_low_margin,second,gray
11988,test,0.37136220932006836,0.0,0.2523362578124999,predicted_low_margin,first,gray
11993,test,-1.420889139175415,0.0,0.0,predicted_low_margin,first,negative
11997,test,1.7150168418884277,-6.614522933959961,0.0,predicted_low_margin,second,negative
12000,test,-0.8264670372009277,0.0,0.0,predicted_teacher_disagreement,first,negative
12005,test,-0.7012939453125,0.0,0.0,predicted_teacher_disagreement,second,negative
12012,test,-0.17369365692138672,0.0,0.0,predicted_teacher_disagreement,first,negative
12020,test,0.4968252182006836,1.0705457925796509,1.0705457890624999,predicted_teacher_disagreement,first,gray
12032,test,-0.44229936599731445,-5.093075752258301,0.0,predicted_teacher_disagreement,second,negative
12036,test,0.2957735061645508,1.2436076402664185,1.2436076484375,predicted_teacher_disagreement,first,gray
12040,test,-0.5756993293762207,0.0,0.0,predicted_teacher_disagreement,first,negative
12042,test,-1.2334494590759277,-0.4104270040988922,0.0,predicted_teacher_disagreement,first,negative
12061,test,-1.6393024921417236,-0.1557168960571289,0.0,predicted_teacher_disagreement,second,negative
12067,test,-2.14746356010437,0.0,0.0,predicted_teacher_disagreement,first,negative
12079,test,-5.678520679473877,-1.4894680976867676,0.0,predicted_teacher_disagreement,first,negative
12084,test,0.6888489723205566,-0.4311537742614746,0.0,predicted_teacher_disagreement,first,negative
12090,test,1.2141847610473633,0.0,1.6448394609374999,predicted_teacher_disagreement,second,gray
12092,test,-1.1887764930725098,0.0,0.0,predicted_teacher_disagreement,second,negative
12098,test,-1.3213391304016113,-0.7347579002380371,0.0,predicted_teacher_disagreement,first,negative
12100,test,0.06849908828735352,0.04139876365661621,0.04139875781249991,predicted_teacher_disagreement,second,negative
12104,test,-0.9368884563446045,0.0,0.0,predicted_teacher_disagreement,first,negative
12106,test,0.4444398880004883,0.14601802825927734,0.5920965624999983,predicted_teacher_disagreement,first,gray
12108,test,-0.8171730041503906,-0.854973316192627,0.9972346249999999,predicted_teacher_disagreement,first,gray
12114,test,0.3114891052246094,0.0,0.0,predicted_teacher_disagreement,second,negative
12121,test,1.068939208984375,0.0,0.49175838281250006,predicted_teacher_disagreement,first,gray
12130,test,-0.49037694931030273,0.5310628414154053,0.5310626953124999,predicted_teacher_disagreement,first,gray
12135,test,0.4839024543762207,0.0,0.0,predicted_teacher_disagreement,second,negative
12138,test,-3.8714990615844727,0.0,0.0,predicted_teacher_disagreement,first,negative
12141,test,-0.25900936126708984,-0.3063323497772217,0.20622752343749995,predicted_teacher_disagreement,second,gray
12142,test,-1.34663724899292,0.20197582244873047,0.20197560156250027,predicted_teacher_disagreement,first,gray
12143,test,-0.40320730209350586,0.07119114696979523,0.40119435156250005,predicted_teacher_disagreement,second,gray
12145,test,1.2580976486206055,-0.2956882119178772,0.08904002343749995,predicted_teacher_disagreement,second,gray
12151,test,-1.0548985004425049,0.4568347930908203,0.6583904296874987,predicted_teacher_disagreement,second,gray
12159,test,1.5284700393676758,0.25834548473358154,0.25834547656249995,predicted_teacher_disagreement,second,gray
12162,test,-0.2726883888244629,0.0,0.09803938281250002,predicted_teacher_disagreement,first,gray
12164,test,-1.5982608795166016,-0.49747657775878906,0.0,predicted_teacher_disagreement,first,negative
12166,test,1.2482595443725586,0.0,0.0,predicted_teacher_disagreement,first,negative
12172,test,-0.6266574859619141,0.0,0.0,predicted_teacher_disagreement,second,negative
12181,test,-0.260408878326416,-0.7752037048339844,0.0,predicted_teacher_disagreement,first,negative
12182,test,0.3679018020629883,4.745261192321777,4.7452610859375,predicted_teacher_disagreement,second,positive
12189,test,-0.6002302169799805,1.040482997894287,1.0404826484375,predicted_teacher_disagreement,first,gray
12193,test,-1.0344007015228271,-0.07816219329833984,0.0,predicted_teacher_disagreement,first,negative
12200,test,-0.6239571571350098,0.1717625856399536,0.4448919062500001,predicted_teacher_disagreement,first,gray
12203,test,0.18986225128173828,0.0,0.0,predicted_teacher_disagreement,second,negative
12205,test,0.14172935485839844,0.0,0.009111742187499772,predicted_teacher_disagreement,first,negative
12209,test,-1.1727895736694336,-5.747447490692139,0.0,predicted_teacher_disagreement,second,negative
12219,test,2.305720806121826,3.355897903442383,3.405875390625,predicted_teacher_disagreement,first,positive
12237,test,-0.8723111152648926,0.9190804958343506,1.1077300859374999,predicted_teacher_disagreement,second,gray
12248,test,-1.1837821006774902,0.0,0.0,predicted_teacher_disagreement,first,negative
12253,test,-1.3269803524017334,-0.8899796009063721,0.0,predicted_teacher_disagreement,second,negative
12262,test,-1.455348014831543,0.18206119537353516,0.18206121875000036,predicted_teacher_disagreement,first,gray
12264,test,-3.003182888031006,-6.62820291519165,0.05066886718749952,predicted_teacher_disagreement,second,gray
12278,test,1.0550622940063477,0.2876048982143402,0.3016598984375,predicted_teacher_disagreement,second,gray
12280,test,1.9676566123962402,1.6052064895629883,1.6052065234375004,predicted_teacher_disagreement,second,gray
12282,test,-0.8150200843811035,0.0,0.03163313281249991,predicted_teacher_disagreement,first,negative
12289,test,-0.2293562889099121,0.0,0.0,predicted_teacher_disagreement,second,negative
12332,test,-2.3574280738830566,-1.5743396282196045,0.6553713515625001,predicted_teacher_disagreement,first,gray
12371,test,-1.4656398296356201,0.0,0.0,predicted_teacher_disagreement,first,negative
12382,test,-0.23845195770263672,-0.07398533821105957,0.3845408593750004,predicted_teacher_disagreement,second,gray
12386,test,-1.5927202701568604,1.2939305305480957,1.2939308437500006,predicted_teacher_disagreement,second,gray
12392,test,0.06558752059936523,0.0,0.0,predicted_teacher_disagreement,second,negative
12393,test,-0.6649932861328125,0.0,1.7344584453125003,predicted_teacher_disagreement,first,gray
12401,test,-1.2689859867095947,0.0,0.0,predicted_teacher_disagreement,first,negative
12402,test,7.612675189971924,0.0,0.06406999218749831,predicted_teacher_disagreement,second,gray
12413,test,0.49515771865844727,0.0,0.35470248437499996,predicted_teacher_disagreement,first,gray
12414,test,1.5878052711486816,5.220103740692139,5.22010375,predicted_teacher_disagreement,second,positive
12416,test,-0.6533846855163574,-0.8330764770507812,0.0,predicted_teacher_disagreement,second,negative
12417,test,-0.8861653804779053,0.0,0.0,predicted_teacher_disagreement,second,negative
12420,test,1.4036989212036133,0.0,3.8040540312500006,predicted_teacher_disagreement,second,positive
12437,test,0.052378177642822266,0.0,0.0,predicted_teacher_disagreement,first,negative
12440,test,-3.3993823528289795,0.0,0.0,predicted_teacher_disagreement,second,negative
12467,test,0.7323207855224609,0.0,0.23694454687499977,predicted_teacher_disagreement,first,gray
12469,test,-3.6480612754821777,0.35271191596984863,0.3527118984374997,predicted_teacher_disagreement,second,gray
12480,test,0.43617963790893555,0.0,0.0,predicted_teacher_disagreement,second,negative
12481,test,-0.29097557067871094,-1.4324440956115723,0.3969509531250006,predicted_teacher_disagreement,first,gray
12492,test,-0.4391970634460449,-1.2387852668762207,0.0,predicted_teacher_disagreement,second,negative
12497,test,1.5685863494873047,-1.5788164138793945,1.3821671406249996,predicted_teacher_disagreement,first,gray
12499,test,-0.20041179656982422,0.5066256523132324,0.506625640625,predicted_teacher_disagreement,second,gray
12501,test,-0.3926963806152344,0.0,0.0,predicted_teacher_disagreement,second,negative
12503,test,-0.4845719337463379,0.0,0.501607453125,predicted_teacher_disagreement,second,gray
12504,test,-0.7748196125030518,0.0,0.19753637499999988,predicted_teacher_disagreement,first,gray
12512,test,-3.8069136142730713,0.0,0.2338334999999998,predicted_teacher_disagreement,second,gray
12523,test,-0.7041285037994385,0.0,0.24329943750000016,predicted_teacher_disagreement,first,gray
12529,test,-0.8760943412780762,-1.099609375,0.058827039062499864,predicted_teacher_disagreement,first,gray
12549,test,-3.5969550609588623,0.0,0.0,predicted_teacher_disagreement,second,negative
12550,test,0.7312569618225098,0.644493818283081,0.6444937890625,predicted_teacher_disagreement,first,gray
12553,test,-0.13045358657836914,0.0,0.0,predicted_teacher_disagreement,first,negative
12562,test,-4.460132122039795,-3.077200412750244,0.0,predicted_teacher_disagreement,second,negative
12563,test,-0.020287036895751953,0.0,0.0,predicted_teacher_disagreement,first,negative
12572,test,0.1648869514465332,1.2959957122802734,1.2959963515625006,predicted_teacher_disagreement,first,gray
12574,test,-1.6362214088439941,-1.570387840270996,0.42961257812500087,predicted_teacher_disagreement,first,gray
12575,test,-7.121106147766113,2.0826101303100586,2.0826102109375,predicted_teacher_disagreement,first,gray
12582,test,0.07051992416381836,0.0,0.0,predicted_teacher_disagreement,first,negative
12600,test,0.2932415008544922,1.4338645935058594,1.6338495156249992,predicted_teacher_disagreement,first,gray
12618,test,-4.238193511962891,-2.7008347511291504,0.0,predicted_teacher_disagreement,second,negative
12635,test,-0.9462518692016602,0.8683452606201172,0.8683454218749995,predicted_teacher_disagreement,second,gray
12639,test,-0.8505380153656006,-0.9338645935058594,0.18903253124999964,predicted_teacher_disagreement,second,gray
12644,test,-1.0802650451660156,-4.5840935707092285,0.0,predicted_teacher_disagreement,first,negative
12650,test,-1.6789069175720215,-0.04377257823944092,0.0,predicted_teacher_disagreement,first,negative
12666,test,0.639829158782959,0.24559831619262695,0.2455982343750005,predicted_teacher_disagreement,first,gray
12671,test,0.3833146095275879,0.4800863265991211,0.6785006406249998,predicted_teacher_disagreement,first,gray
12682,test,0.7757105827331543,2.499354600906372,2.499354640625,predicted_teacher_disagreement,first,gray
12684,test,3.2590889930725098,0.0,0.0,predicted_teacher_disagreement,first,negative
12685,test,-1.3895254135131836,-0.3585336208343506,0.0,predicted_teacher_disagreement,second,negative
12688,test,-0.22714519500732422,0.0,1.0759845703125,predicted_teacher_disagreement,second,gray
12692,test,0.33809614181518555,1.967600703239441,1.9676006015625,predicted_teacher_disagreement,first,gray
12695,test,-0.20988178253173828,0.2113206386566162,0.2113206328124999,predicted_teacher_disagreement,first,gray
12704,test,-7.705109119415283,-4.382025718688965,0.0,predicted_teacher_disagreement,second,negative
12708,test,0.8986854553222656,0.0,2.80231378125,predicted_teacher_disagreement,first,positive
12726,test,0.4926910400390625,0.29043668508529663,0.5005704375,predicted_teacher_disagreement,first,gray
12729,test,-0.3690066337585449,0.0,0.0,predicted_teacher_disagreement,second,negative
12749,test,-0.6030924320220947,0.31284570693969727,0.31284567187500034,predicted_teacher_disagreement,first,gray
12758,test,0.23265695571899414,0.0,0.0,predicted_teacher_disagreement,first,negative
12759,test,0.7604522705078125,0.0,0.0,predicted_teacher_disagreement,second,negative
12763,test,1.0373034477233887,1.427164077758789,1.4271639374999996,predicted_teacher_disagreement,second,gray
12796,test,1.8029265403747559,3.9503769874572754,4.1487916953125,predicted_teacher_disagreement,second,positive
12797,test,1.3378815650939941,1.5806570053100586,1.5806570859375002,predicted_teacher_disagreement,first,gray
12799,test,-0.32335567474365234,0.4893932342529297,0.48939318750000016,predicted_teacher_disagreement,first,gray
12808,test,-0.3626718521118164,0.0,0.0,predicted_teacher_disagreement,first,negative
12819,test,0.3529057502746582,-0.03787565231323242,0.0,predicted_teacher_disagreement,second,negative
12822,test,-0.8766424655914307,0.0,0.0,predicted_teacher_disagreement,second,negative
12827,test,0.07805490493774414,0.548828125,0.548828125,predicted_teacher_disagreement,second,gray
12839,test,-0.5908114910125732,0.0,0.0,predicted_teacher_disagreement,second,negative
12845,test,-0.646212100982666,0.0,1.618794953125,predicted_teacher_disagreement,second,gray
12856,test,0.9868173599243164,-0.014475822448730469,0.17497752343749973,predicted_teacher_disagreement,second,gray
12875,test,0.36789703369140625,0.5489406585693359,0.5489405078125,predicted_teacher_disagreement,first,gray
12877,test,-1.538693904876709,0.0,0.02068064843749995,predicted_teacher_disagreement,first,negative
12884,test,0.31804895401000977,-1.3011727333068848,0.0,predicted_teacher_disagreement,second,negative
12903,test,-0.7499165534973145,0.0,0.0,predicted_teacher_disagreement,second,negative
12904,test,-1.19691801071167,0.0,0.0,predicted_teacher_disagreement,first,negative
12918,test,-0.003830432891845703,0.2815208435058594,1.3079109296875,predicted_teacher_disagreement,second,gray
12923,test,0.5655684471130371,0.0,1.4774411484374994,predicted_teacher_disagreement,first,gray
12924,test,4.476022243499756,0.0,0.0,predicted_teacher_disagreement,first,negative
12933,test,-0.09622573852539062,-0.1343827247619629,0.0,predicted_teacher_disagreement,first,negative
12935,test,0.16233491897583008,-1.0115689039230347,0.0,predicted_teacher_disagreement,second,negative
12941,test,-0.34250736236572266,0.49444884061813354,0.49444883593750005,predicted_teacher_disagreement,first,gray
12947,test,-0.30571985244750977,0.0,2.4242197812499997,predicted_teacher_disagreement,first,gray
12953,test,-0.0485997200012207,0.7303190231323242,0.73031890625,predicted_teacher_disagreement,first,gray
12978,test,6.694633960723877,9.988136291503906,9.988136562500001,predicted_teacher_disagreement,first,positive
12983,test,-2.8089404106140137,0.0,1.1682769609374999,predicted_teacher_disagreement,first,gray
12988,test,-4.617412567138672,-5.5578813552856445,4.310293171874999,predicted_teacher_disagreement,first,positive
12990,test,-0.41285037994384766,0.0,0.0,predicted_teacher_disagreement,first,negative
12996,test,-0.6361892223358154,-1.3467775583267212,0.5398747500000001,predicted_teacher_disagreement,first,gray
13003,test,-0.4930553436279297,0.0,0.0,predicted_teacher_disagreement,first,negative
13012,test,5.683888912200928,-0.17095041275024414,0.11148649218749984,predicted_teacher_disagreement,second,gray
13013,test,-0.16721868515014648,0.0,0.0,predicted_teacher_disagreement,first,negative
13016,test,-2.8391010761260986,0.0,0.0,predicted_teacher_disagreement,first,negative
13025,test,-0.6292011737823486,-1.435788631439209,0.0,predicted_teacher_disagreement,second,negative
13026,test,0.32640743255615234,1.7413835525512695,1.7413837734374997,predicted_teacher_disagreement,first,gray
13027,test,-1.0549445152282715,0.0,0.0,predicted_teacher_disagreement,second,negative
13031,test,-1.2631042003631592,-1.8152942657470703,0.0,predicted_teacher_disagreement,second,negative
13038,test,0.406003475189209,-0.06678915023803711,0.0,predicted_teacher_disagreement,second,negative
13048,test,-1.901693344116211,3.737523317337036,4.7692315625,predicted_teacher_disagreement,first,positive
13049,test,-0.38873910903930664,0.0,0.0,predicted_teacher_disagreement,first,negative
13059,test,-0.72149658203125,-2.6425490379333496,0.0,predicted_teacher_disagreement,first,negative
13063,test,0.12701749801635742,0.7066481113433838,0.7066481171874999,predicted_teacher_disagreement,second,gray
13067,test,-2.5615620613098145,-0.6332706212997437,0.06392014843749982,predicted_teacher_disagreement,second,gray
13074,test,0.18191099166870117,1.0937871932983398,1.0937874609375005,predicted_teacher_disagreement,second,gray
13076,test,-0.6278417110443115,0.0,0.0,predicted_teacher_disagreement,first,negative
13080,test,0.163543701171875,0.0,0.8656293984375001,predicted_teacher_disagreement,first,gray
13081,test,0.08530950546264648,1.1627626419067383,1.35531890625,predicted_teacher_disagreement,second,gray
13083,test,-0.4297523498535156,-0.25034570693969727,0.0,predicted_teacher_disagreement,first,negative
13104,test,0.13792133331298828,-0.2213115692138672,0.0,predicted_teacher_disagreement,first,negative
13119,test,0.5887980461120605,0.0,0.31755564843749995,predicted_teacher_disagreement,first,gray
13120,test,-0.5441906452178955,0.29450130462646484,0.5229794453125001,predicted_teacher_disagreement,second,gray
13128,test,0.4394397735595703,0.0,0.12419627343749995,predicted_teacher_disagreement,second,gray
13129,test,0.8264012336730957,1.6235885620117188,1.6235883749999989,predicted_teacher_disagreement,first,gray
13132,test,-0.6631596088409424,0.0,0.0,predicted_teacher_disagreement,second,negative
13141,test,-1.1856908798217773,0.0,0.0,predicted_teacher_disagreement,first,negative
13142,test,0.00010442733764648438,0.630363941192627,0.6303638593750001,predicted_teacher_disagreement,first,gray
13162,test,-1.2017953395843506,0.1253831386566162,0.1253831328124999,predicted_teacher_disagreement,first,gray
13168,test,0.21013450622558594,0.0,0.0,predicted_teacher_disagreement,second,negative
13175,test,-2.2544753551483154,-0.8806636333465576,0.0,predicted_teacher_disagreement,second,negative
13178,test,-0.03947734832763672,0.5355019569396973,0.5355019218749999,predicted_teacher_disagreement,first,gray
13179,test,-0.5044505596160889,-0.11956119537353516,1.0717326484375,predicted_teacher_disagreement,second,gray
13183,test,-1.2204651832580566,0.5036358833312988,0.5036354999999988,predicted_teacher_disagreement,first,gray
13191,test,0.29497575759887695,0.0,0.21159138281250012,predicted_teacher_disagreement,second,gray
13205,test,0.06659126281738281,-1.0251948833465576,0.0,predicted_teacher_disagreement,second,negative
13207,test,0.15194416046142578,0.29698753356933594,0.2969873828125005,predicted_teacher_disagreement,first,gray
13213,test,0.7612051963806152,0.0,0.0,predicted_teacher_disagreement,first,negative
13218,test,-0.13208580017089844,-0.2411966323852539,0.0,predicted_teacher_disagreement,first,negative
13227,test,0.5321388244628906,0.0,0.1578574531250001,predicted_teacher_disagreement,second,gray
13231,test,-0.6487784385681152,0.0,0.0,predicted_teacher_disagreement,second,negative
13233,test,-1.6904819011688232,-0.33678722381591797,0.0,predicted_teacher_disagreement,first,negative
13235,test,1.8725357055664062,0.0,0.0,predicted_teacher_disagreement,first,negative
13236,test,1.9279303550720215,0.10163736343383789,0.10163742187500002,predicted_teacher_disagreement,second,gray
13239,test,-1.2558557987213135,0.0,1.2998276796874997,predicted_teacher_disagreement,second,gray
13241,test,1.6890125274658203,0.0,0.0,predicted_teacher_disagreement,second,negative
13244,test,3.717796802520752,0.0,0.0,predicted_teacher_disagreement,second,negative
13247,test,1.7488336563110352,0.0,0.0,predicted_teacher_disagreement,second,negative
13263,test,-0.7302978038787842,-0.2046947479248047,0.0,predicted_teacher_disagreement,second,negative
13266,test,-0.4078335762023926,0.0,0.0,predicted_teacher_disagreement,first,negative
13272,test,-1.5044479370117188,0.0,1.1811076484375,predicted_teacher_disagreement,first,gray
13273,test,-0.5016200542449951,0.27412891387939453,0.27412884375000024,predicted_teacher_disagreement,second,gray
13277,test,0.5131726264953613,0.36630892753601074,0.3663088515624999,predicted_teacher_disagreement,second,gray
13280,test,1.3235883712768555,0.7467851638793945,0.7467850937499998,predicted_teacher_disagreement,first,gray
13286,test,2.4271950721740723,3.459646701812744,3.45964678125,predicted_teacher_disagreement,first,positive
13302,test,1.553544044494629,2.6407084465026855,3.7289072812500006,predicted_teacher_disagreement,second,positive
13310,test,-1.3161647319793701,0.0,0.0,predicted_teacher_disagreement,second,negative
13324,test,-5.7652082443237305,0.0,0.0,predicted_teacher_disagreement,first,negative
13326,test,-0.5103251934051514,0.0,0.0,predicted_teacher_disagreement,first,negative
13329,test,-6.10307502746582,0.0,0.0,predicted_teacher_disagreement,first,negative
13340,test,0.1214590072631836,-6.083197593688965,0.0,predicted_teacher_disagreement,second,negative
13348,test,1.778071403503418,2.420538902282715,2.6029451874999996,predicted_teacher_disagreement,second,positive
13363,test,-0.6443383693695068,0.0,0.0,predicted_teacher_disagreement,first,negative
13373,test,-2.902385711669922,-1.3318814039230347,0.0,predicted_teacher_disagreement,first,negative
13379,test,-0.3506298065185547,-0.14958715438842773,0.17455692968750025,predicted_teacher_disagreement,first,gray
13381,test,0.35753440856933594,1.3892508745193481,1.3892508359375,predicted_teacher_disagreement,first,gray
13387,test,-0.5357844829559326,0.0,0.0,predicted_teacher_disagreement,first,negative
13388,test,-0.762789249420166,-0.17379045486450195,0.34819774999999975,predicted_teacher_disagreement,second,gray
13405,test,-3.0906267166137695,0.0,0.0,predicted_teacher_disagreement,second,negative
13410,test,3.6992897987365723,5.0106987953186035,5.01069878125,predicted_teacher_disagreement,first,positive
13422,test,-0.9155409336090088,0.0,0.0,predicted_teacher_disagreement,second,negative
13426,test,-3.159714698791504,0.4310331344604492,1.2180297187499995,predicted_teacher_disagreement,second,gray
13442,test,0.2911653518676758,0.0,0.0,predicted_teacher_disagreement,second,negative
13451,test,-0.7830562591552734,0.0,0.0,predicted_teacher_disagreement,second,negative
13452,test,-0.3325643539428711,0.0,0.0,predicted_teacher_disagreement,first,negative
13471,test,-1.435312032699585,0.0,0.0,predicted_teacher_disagreement,first,negative
13476,test,1.8065223693847656,0.0,1.4356132734375002,predicted_teacher_disagreement,second,gray
13479,test,0.30492496490478516,1.3850362300872803,1.3850363750000003,predicted_teacher_disagreement,first,gray
13482,test,0.9905891418457031,0.901240348815918,0.9012403359375,predicted_teacher_disagreement,second,gray
13488,test,-0.9764196872711182,-0.6398212313652039,0.0,predicted_teacher_disagreement,second,negative
13499,test,-0.2666015625,0.0,0.0,predicted_teacher_disagreement,second,negative
13500,test,-1.1089842319488525,-0.9425181150436401,0.2948844140625,predicted_teacher_disagreement,first,gray
13501,test,-2.594454288482666,0.0,0.0,predicted_teacher_disagreement,second,negative
13506,test,1.1224260330200195,1.0920300483703613,2.4028392656250004,predicted_teacher_disagreement,second,positive
13508,test,-0.0822601318359375,0.0,0.0,predicted_teacher_disagreement,second,negative
13511,test,-0.7826721668243408,-1.907557725906372,0.0,predicted_teacher_disagreement,second,negative
13514,test,0.9878849983215332,0.0,0.0,predicted_teacher_disagreement,first,negative
13524,test,-3.754121780395508,0.0,1.6866962734375002,predicted_teacher_disagreement,first,gray
13537,test,0.5381684303283691,0.0,5.2605863984375,predicted_teacher_disagreement,first,positive
13553,test,-0.11413431167602539,0.0,0.23667379687499945,predicted_teacher_disagreement,second,gray
13555,test,1.8366189002990723,-0.09895551204681396,0.0,predicted_teacher_disagreement,second,negative
13564,test,-2.248029947280884,0.0,0.0,predicted_teacher_disagreement,first,negative
13580,test,-0.22756719589233398,-0.21874994039535522,0.0,predicted_teacher_disagreement,second,negative
13581,test,-0.9964244365692139,0.4882063865661621,0.488206328125,predicted_teacher_disagreement,first,gray
13583,test,0.8943233489990234,0.5474165678024292,0.6396339687499999,predicted_teacher_disagreement,second,gray
13585,test,-0.9408161640167236,0.0,0.0,predicted_teacher_disagreement,second,negative
13587,test,0.0058193206787109375,-0.10271215438842773,0.4597506406249998,predicted_teacher_disagreement,second,gray
13594,test,-0.6711471080780029,0.14334434270858765,0.14334439062500004,predicted_teacher_disagreement,first,gray
13604,test,0.23337936401367188,0.6075801849365234,0.6075802421875003,predicted_teacher_disagreement,second,gray
13605,test,0.8973069190979004,1.7492915391921997,1.7492916093750002,predicted_teacher_disagreement,first,gray
13608,test,1.9538512229919434,0.0,0.0,predicted_teacher_disagreement,second,negative
13610,test,-1.6703441143035889,0.0,0.3799807265624997,predicted_teacher_disagreement,second,gray
13613,test,1.5755853652954102,1.1451852321624756,1.1451851328124998,predicted_teacher_disagreement,first,gray
13617,test,0.5969529151916504,0.0,0.0,predicted_teacher_disagreement,first,negative
13622,test,-3.868077039718628,0.0,0.0,predicted_teacher_disagreement,second,negative
13628,test,-0.38117456436157227,0.8499178886413574,0.9659182265624997,predicted_teacher_disagreement,second,gray
13632,test,2.841728687286377,4.8179931640625,4.8179932890625,predicted_teacher_disagreement,first,positive
13641,test,-1.3128995895385742,-0.4410231113433838,0.08632063281250002,predicted_teacher_disagreement,second,gray
13644,test,5.563068866729736,8.831478118896484,8.831477859375,predicted_teacher_disagreement,second,positive
13649,test,0.696235179901123,0.9741512537002563,1.9416020781249996,predicted_teacher_disagreement,second,gray
13656,test,0.3768301010131836,-0.575293242931366,0.0,predicted_teacher_disagreement,first,negative
13664,test,0.05736732482910156,0.0,0.2807919453124996,predicted_teacher_disagreement,first,gray
13666,test,2.7919154167175293,0.0,1.113206328124999,predicted_teacher_disagreement,first,gray
13669,test,3.395742416381836,0.0,0.007887421874999134,predicted_teacher_disagreement,second,negative
13679,test,-1.112691879272461,-0.6063933372497559,1.1559792500000001,predicted_teacher_disagreement,first,gray
13697,test,1.9059138298034668,2.214731454849243,2.2147313671875004,predicted_teacher_disagreement,second,gray
13703,test,-0.4679384231567383,-2.0215680599212646,0.0,predicted_teacher_disagreement,first,negative
13705,test,1.1006927490234375,3.081573486328125,3.081573195312499,predicted_teacher_disagreement,second,positive
13707,test,-3.9313602447509766,0.15816545486450195,1.5993471484374995,predicted_teacher_disagreement,first,gray
13709,test,0.4167957305908203,0.07107877731323242,0.0710787656250007,predicted_teacher_disagreement,first,gray
13713,test,0.8526506423950195,-0.46277809143066406,0.583909453125,predicted_teacher_disagreement,second,gray
13726,test,0.9213967323303223,2.358309268951416,2.358309046875,predicted_teacher_disagreement,first,gray
13728,test,0.6609368324279785,0.2824368476867676,0.2824368593750002,predicted_teacher_disagreement,second,gray
13737,test,-0.10137414932250977,-0.11664628982543945,0.0,predicted_teacher_disagreement,first,negative
13751,test,0.14572811126708984,-1.1495493650436401,0.0,predicted_teacher_disagreement,first,negative
13762,test,2.0367212295532227,3.910893440246582,3.9108935781249996,predicted_teacher_disagreement,second,positive
13766,test,-0.3552284240722656,-1.2136571407318115,0.0,predicted_teacher_disagreement,second,negative
13767,test,-0.772972583770752,-0.1675856113433838,0.0,predicted_teacher_disagreement,first,negative
13768,test,-0.46260666847229004,0.0,0.0,predicted_teacher_disagreement,second,negative
13771,test,0.05628013610839844,0.0,0.0,predicted_teacher_disagreement,second,negative
13776,test,3.384812831878662,3.8847484588623047,3.8847485781249995,predicted_teacher_disagreement,second,positive
13787,test,4.929973125457764,11.348485946655273,11.348485546875,predicted_teacher_disagreement,second,positive
13803,test,-1.3310632705688477,-0.6331958770751953,0.0,predicted_teacher_disagreement,first,negative
13809,test,0.5554008483886719,0.0,0.9080907421875,predicted_teacher_disagreement,first,gray
13812,test,-0.5214025974273682,-0.06368687748908997,0.0,predicted_teacher_disagreement,second,negative
13815,test,-0.6526920795440674,-0.18669605255126953,0.09842251562499982,predicted_teacher_disagreement,first,gray
13822,test,-1.5198957920074463,0.0,0.0,predicted_teacher_disagreement,first,negative
13825,test,1.825843334197998,-3.3062198162078857,0.4030350937499998,predicted_teacher_disagreement,first,gray
13829,test,0.011057376861572266,0.0,0.0,predicted_teacher_disagreement,first,negative
13832,test,-2.131051778793335,-3.0507149696350098,0.0,predicted_teacher_disagreement,second,negative
13836,test,-0.015976428985595703,-2.017120122909546,0.0,predicted_teacher_disagreement,first,negative
13839,test,4.524869441986084,4.560938358306885,4.56093853125,predicted_teacher_disagreement,second,positive
13844,test,0.2871971130371094,-0.035884976387023926,0.6983775624999999,predicted_teacher_disagreement,second,gray
13864,test,-0.14060211181640625,-0.6807245016098022,0.0,predicted_teacher_disagreement,first,negative
13865,test,-2.8764500617980957,-2.37186861038208,0.0,predicted_teacher_disagreement,first,negative
13872,test,0.3892979621887207,0.0,0.0,predicted_teacher_disagreement,second,negative
13880,test,1.874497413635254,2.1295599937438965,2.4928039218749998,predicted_teacher_disagreement,second,positive
13887,test,1.3840928077697754,0.0,0.0,predicted_teacher_disagreement,second,negative
13890,test,-0.870107889175415,0.42827558517456055,0.42827587499999975,predicted_teacher_disagreement,first,gray
13891,test,-2.892666816711426,-1.9127254486083984,0.0,predicted_teacher_disagreement,first,negative
13900,test,3.9889912605285645,-4.112730979919434,0.0,predicted_teacher_disagreement,second,negative
13907,test,-2.4112586975097656,0.43753767013549805,0.5340068515624994,predicted_teacher_disagreement,first,gray
13914,test,-0.2630758285522461,-0.026961326599121094,0.0,predicted_teacher_disagreement,second,negative
13916,test,-0.5290007591247559,-0.361328125,0.0,predicted_teacher_disagreement,second,negative
13922,test,-0.23541688919067383,0.0,0.6500909374999999,predicted_teacher_disagreement,second,gray
13924,test,-0.3510556221008301,0.0,0.0,predicted_teacher_disagreement,second,negative
13926,test,-0.6454167366027832,0.0,1.5939254140624999,predicted_teacher_disagreement,first,gray
13931,test,-3.866870164871216,0.0,0.0,predicted_teacher_disagreement,second,negative
13936,test,-0.6222062110900879,0.0,0.0,predicted_teacher_disagreement,second,negative
13940,test,-3.8027896881103516,-0.6163086891174316,0.0,predicted_teacher_disagreement,second,negative
13963,test,0.8905067443847656,0.5803861618041992,1.9856742421874998,predicted_teacher_disagreement,first,positive
13978,test,-0.353884220123291,0.06361198425292969,0.3033882578125,predicted_teacher_disagreement,first,gray
13979,test,-0.9050185680389404,0.0,0.0,predicted_teacher_disagreement,first,negative
13985,test,0.0010504722595214844,0.0,0.0,predicted_teacher_disagreement,second,negative
13990,test,0.5762295722961426,-0.8936529159545898,1.5040271562499985,predicted_teacher_disagreement,second,gray
13992,test,-2.0381901264190674,-0.29645442962646484,0.5873951093750005,predicted_teacher_disagreement,second,gray
14006,test,0.3646674156188965,-1.546267032623291,0.0,predicted_teacher_disagreement,first,negative
14007,test,-0.0613250732421875,0.16287565231323242,0.16287564062499982,predicted_teacher_disagreement,first,gray
14008,test,-3.7702903747558594,0.0,0.14568064843750017,predicted_teacher_disagreement,second,gray
14010,test,-0.3387875556945801,-4.728878498077393,0.0,predicted_teacher_disagreement,second,negative
14011,test,1.8391923904418945,0.4171276092529297,0.41712756249999994,predicted_teacher_disagreement,first,gray
14015,test,-1.5745892524719238,0.0,0.0,predicted_teacher_disagreement,second,negative
14019,test,-0.37009763717651367,-3.810443162918091,0.0,predicted_teacher_disagreement,first,negative
14020,test,-2.8352341651916504,0.0,0.5484449921875001,predicted_teacher_disagreement,second,gray
14032,test,-0.41625356674194336,0.1275320053100586,1.1113741093749994,predicted_teacher_disagreement,second,gray
14034,test,-1.1325123310089111,-5.3358049392700195,0.0,predicted_teacher_disagreement,second,negative
14035,test,-1.0141775608062744,0.0,0.0,predicted_teacher_disagreement,first,negative
14038,test,3.05426025390625,0.0,6.370635695312501,predicted_teacher_disagreement,second,positive
14056,test,1.7460041046142578,-0.18550968170166016,0.2867262421875001,predicted_teacher_disagreement,second,gray
14059,test,1.6838064193725586,0.11968231201171875,1.0566866093749994,predicted_teacher_disagreement,first,gray
14060,test,11.141891479492188,11.117325782775879,11.90715421875,predicted_teacher_disagreement,second,positive
14066,test,4.834489345550537,0.0,0.0,predicted_teacher_disagreement,first,negative
14070,test,0.3909778594970703,0.11638355255126953,0.29450128124999964,predicted_teacher_disagreement,first,gray
14074,test,1.3701176643371582,0.0,0.0,predicted_teacher_disagreement,first,negative
14076,test,-0.2198200225830078,-0.29296875,0.0024486406249994985,predicted_teacher_disagreement,first,negative
14086,test,-0.6365675926208496,-0.2930440902709961,0.04258561718750009,predicted_teacher_disagreement,first,negative
14088,test,0.6683106422424316,0.0,0.0,predicted_teacher_disagreement,first,negative
14092,test,-0.8010542392730713,-0.40184831619262695,0.0,predicted_teacher_disagreement,first,negative
14095,test,0.26982736587524414,-1.1564836502075195,0.0,predicted_teacher_disagreement,first,negative
14100,test,0.06792354583740234,-0.3445162773132324,0.0,predicted_teacher_disagreement,second,negative
14101,test,2.5548295974731445,4.111532688140869,4.1115324765625,predicted_teacher_disagreement,first,positive
14108,test,0.573122501373291,-0.17632293701171875,0.08650793750000041,predicted_teacher_disagreement,second,gray
14112,test,-3.1586008071899414,-0.4800106883049011,0.0,predicted_teacher_disagreement,second,negative
14119,test,0.6775827407836914,0.41161346435546875,0.7827076093750005,predicted_teacher_disagreement,second,gray
14124,test,0.13237524032592773,0.0,0.0,predicted_teacher_disagreement,second,negative
14134,test,0.12788677215576172,-1.3541321754455566,0.0,predicted_teacher_disagreement,second,negative
14135,test,1.1306486129760742,1.0753681659698486,1.0753681484375002,predicted_teacher_disagreement,first,gray
14137,test,0.4628720283508301,0.20190060138702393,1.0424357734375,predicted_teacher_disagreement,first,gray
14138,test,-0.7016725540161133,0.221160888671875,0.23981378124999964,predicted_teacher_disagreement,second,gray
14140,test,-0.0747537612915039,0.0,0.0,predicted_teacher_disagreement,second,negative
14143,test,-3.3316566944122314,2.0016908645629883,2.0016908984375004,predicted_teacher_disagreement,first,gray
14148,test,-0.2928752899169922,-0.0035228729248046875,0.016624554687499682,predicted_teacher_disagreement,first,negative
14177,test,-0.6783442497253418,0.08942317962646484,0.08942315624999964,predicted_teacher_disagreement,second,gray
14178,test,-0.4179205894470215,0.0,0.0,predicted_teacher_disagreement,second,negative
14187,test,-0.5697131156921387,0.0,0.0,predicted_teacher_disagreement,first,negative
14188,test,0.4785494804382324,0.6048610210418701,0.6048608515624996,predicted_teacher_disagreement,second,gray
14203,test,1.2815489768981934,0.0,0.0,predicted_teacher_disagreement,second,negative
14222,test,-0.7242181301116943,0.0,0.0,predicted_teacher_disagreement,second,negative
14245,test,-4.435420036315918,-2.5029149055480957,0.0,predicted_teacher_disagreement,first,negative
14252,test,-0.9722840785980225,0.0,0.0,predicted_teacher_disagreement,second,negative
14258,test,-1.0560786724090576,0.8053039312362671,0.805303921875,predicted_teacher_disagreement,second,gray
14266,test,-0.4002361297607422,-0.06870508193969727,0.0,predicted_teacher_disagreement,first,negative
14281,test,0.004543304443359375,-0.203125,1.1727996328124999,predicted_teacher_disagreement,second,gray
14284,test,-0.5175597667694092,0.0,0.0,predicted_teacher_disagreement,first,negative
14286,test,-0.13261842727661133,0.0,0.0,predicted_teacher_disagreement,first,negative
14301,test,1.2899060249328613,0.0,1.1693514374999996,predicted_teacher_disagreement,first,gray
14324,test,-0.5381386280059814,0.0,0.0,predicted_teacher_disagreement,second,negative
14325,test,-1.960615873336792,-3.6146349906921387,0.0,predicted_teacher_disagreement,first,negative
14330,test,1.2017221450805664,0.0,0.0374550468749999,predicted_teacher_disagreement,first,negative
14333,test,-0.04732179641723633,0.3343384265899658,0.5155586015624998,predicted_teacher_disagreement,second,gray
14338,test,-0.8316993713378906,-0.3359750509262085,0.05185572656250015,predicted_teacher_disagreement,first,gray
14340,test,-1.075727939605713,-0.42842555046081543,0.0,predicted_teacher_disagreement,first,negative
14344,test,0.15015220642089844,0.013288736343383789,0.11171125781250002,predicted_teacher_disagreement,first,gray
14347,test,1.6474204063415527,0.0,0.0,predicted_teacher_disagreement,second,negative
14348,test,-0.3672466278076172,0.0,0.0,predicted_teacher_disagreement,second,negative
14350,test,-2.553029775619507,-0.3696737289428711,0.6966202656249996,predicted_teacher_disagreement,second,gray
14353,test,0.5516290664672852,0.0,0.7869220703125004,predicted_teacher_disagreement,second,gray
14363,test,4.346041202545166,-0.37833595275878906,0.0,predicted_teacher_disagreement,second,negative
14365,test,1.9991660118103027,2.0719285011291504,2.0719284765625,predicted_teacher_disagreement,first,gray
14378,test,-0.3539705276489258,0.0,0.0,predicted_teacher_disagreement,first,negative
14385,test,-0.9307754039764404,3.2481305599212646,3.2481303203124994,predicted_teacher_disagreement,first,positive
14391,test,-4.183140277862549,-1.4129962921142578,0.0,predicted_teacher_disagreement,second,negative
14392,test,-3.4387383460998535,0.0,0.09148866406250011,predicted_teacher_disagreement,first,gray
14393,test,-2.1979799270629883,-0.18348169326782227,0.7801755234375003,predicted_teacher_disagreement,second,gray
14397,test,-0.25632667541503906,-2.2988739013671875,0.0,predicted_teacher_disagreement,first,negative
14401,test,1.611279010772705,0.0,0.068359375,predicted_teacher_disagreement,second,gray
14404,test,0.5718865394592285,0.0,0.10232876562499982,predicted_teacher_disagreement,second,gray
14407,test,1.7843809127807617,0.0,0.0,predicted_teacher_disagreement,first,negative
14409,test,-5.588286876678467,-4.128381729125977,0.0,predicted_teacher_disagreement,first,negative
14410,test,-0.8172318935394287,-0.810546875,2.1078509921874997,predicted_teacher_disagreement,second,positive
14417,test,3.090914249420166,1.1474839448928833,1.1474839296875,predicted_teacher_disagreement,second,gray
14422,test,0.023534774780273438,-1.0205307006835938,0.04289382812499998,predicted_teacher_disagreement,second,negative
14431,test,2.1259055137634277,0.0,0.0,predicted_teacher_disagreement,first,negative
14474,test,0.09063291549682617,1.2658209800720215,1.2658208281249999,predicted_teacher_disagreement,first,gray
14476,test,0.5781221389770508,0.20270419120788574,0.24892552343749985,predicted_teacher_disagreement,first,gray
14478,test,-0.6144552230834961,0.0,4.66388371875,predicted_teacher_disagreement,second,positive
14480,test,0.6747241020202637,0.7311601638793945,0.7311600937499998,predicted_teacher_disagreement,second,gray
14487,test,0.4245471954345703,0.0,0.0,predicted_teacher_disagreement,second,negative
14505,test,-0.6260414123535156,-1.6968533992767334,1.7696521562499998,predicted_teacher_disagreement,first,gray
14523,test,-0.43232250213623047,0.09011459350585938,0.14752139062500014,predicted_teacher_disagreement,second,gray
14526,test,0.42511415481567383,0.0,0.0,predicted_teacher_disagreement,first,negative
14535,test,0.33405113220214844,0.0,0.0,predicted_teacher_disagreement,second,negative
14543,test,0.13571977615356445,0.0,0.0,predicted_teacher_disagreement,second,negative
14548,test,0.29898977279663086,0.0,0.0,predicted_teacher_disagreement,second,negative
14550,test,-0.6536111831665039,0.0,0.0,predicted_teacher_disagreement,second,negative
14559,test,-6.132610321044922,0.0,0.0,predicted_teacher_disagreement,first,negative
14561,test,1.471815586090088,1.5101776123046875,1.5101776953125003,predicted_teacher_disagreement,first,gray
14567,test,0.541811466217041,0.0,1.2646714296874997,predicted_teacher_disagreement,first,gray
14571,test,-2.2183539867401123,0.0,0.0,predicted_teacher_disagreement,first,negative
14598,test,-2.78898286819458,3.277623176574707,3.2776230234375,predicted_teacher_disagreement,first,positive
14612,test,-0.08766984939575195,0.0,0.0,predicted_teacher_disagreement,first,negative
14616,test,1.3849477767944336,0.0,0.0,predicted_teacher_disagreement,second,negative
14638,test,-0.6316783428192139,0.0,0.0,predicted_teacher_disagreement,second,negative
14642,test,3.7074809074401855,0.8976707458496094,0.8976712343750002,predicted_teacher_disagreement,first,gray
14644,test,4.418716907501221,0.0,0.0,predicted_teacher_disagreement,first,negative
14647,test,0.09498071670532227,0.0,0.0,predicted_teacher_disagreement,second,negative
14653,test,-0.09296464920043945,0.0,0.0,predicted_teacher_disagreement,first,negative
14657,test,1.4003663063049316,4.144539833068848,4.144539773437501,predicted_teacher_disagreement,second,positive
14664,test,1.080054759979248,0.0,1.54729559375,predicted_teacher_disagreement,first,gray
14670,test,-0.8390946388244629,-0.2272913157939911,0.0,predicted_teacher_disagreement,second,negative
14677,test,1.3630266189575195,0.0,0.0,predicted_teacher_disagreement,first,negative
14690,test,1.2302045822143555,1.8679536581039429,1.8679537656249998,predicted_teacher_disagreement,first,gray
14691,test,-0.11610698699951172,0.0,0.0,predicted_teacher_disagreement,second,negative
14692,test,0.3260531425476074,-0.2553553581237793,1.4294252734375,predicted_teacher_disagreement,first,gray
14711,test,1.545036792755127,-0.13016819953918457,0.0,predicted_teacher_disagreement,second,negative
14714,test,-1.0748546123504639,0.0,0.0,predicted_teacher_disagreement,first,negative
14722,test,0.10547304153442383,0.3465443253517151,0.34654431249999995,predicted_teacher_disagreement,second,gray
14725,test,-3.564232587814331,-4.058835983276367,0.22028253124999964,predicted_teacher_disagreement,first,gray
14744,test,-0.24596691131591797,0.47594642639160156,0.5770879843749999,predicted_teacher_disagreement,first,gray
14745,test,0.730443000793457,0.6632585525512695,0.7671575312499996,predicted_teacher_disagreement,second,gray
14746,test,0.2478165626525879,-0.1356525421142578,0.5026444687499989,predicted_teacher_disagreement,first,gray
14760,test,-0.7061514854431152,0.0,1.0089993593749993,predicted_teacher_disagreement,second,gray
14761,test,0.5985097885131836,0.0,0.0,predicted_teacher_disagreement,first,negative
14771,test,2.255570411682129,8.086382865905762,8.086383664062499,predicted_teacher_disagreement,second,positive
14782,test,1.5425448417663574,0.0,0.0,predicted_teacher_disagreement,second,negative
14792,test,-0.11061525344848633,0.9801688194274902,0.9801690624999999,predicted_teacher_disagreement,second,gray
14795,test,0.30603647232055664,0.20776081085205078,0.20776005468749936,predicted_teacher_disagreement,second,gray
14796,test,5.107271671295166,0.0,0.0,predicted_teacher_disagreement,first,negative
14797,test,-0.26220226287841797,0.8408807516098022,0.8408807656250001,predicted_teacher_disagreement,second,gray
14800,test,1.9782567024230957,0.0,0.0,predicted_teacher_disagreement,first,negative
14810,test,-0.8819341659545898,0.0531923770904541,0.1851637421875001,predicted_teacher_disagreement,second,gray
14814,test,0.9352269172668457,0.0,1.89462321875,predicted_teacher_disagreement,second,positive
14823,test,0.5111331939697266,0.11289834976196289,1.1943214687500001,predicted_teacher_disagreement,first,gray
14832,test,-0.21695995330810547,-0.4085862636566162,0.0,predicted_teacher_disagreement,first,negative
14834,test,-0.5284056663513184,-1.5417613983154297,0.0,predicted_teacher_disagreement,second,negative
14857,test,-0.5758411884307861,0.0,0.0,predicted_teacher_disagreement,second,negative
14863,test,-2.719102382659912,-1.0847506523132324,0.0,predicted_teacher_disagreement,first,negative
14880,test,-1.9338467121124268,-2.147642135620117,0.0,predicted_teacher_disagreement,second,negative
14884,test,1.349273681640625,-3.352375030517578,1.3809428203124998,predicted_teacher_disagreement,second,gray
14889,test,0.10831356048583984,0.0,0.945087734375,predicted_teacher_disagreement,first,gray
14891,test,-3.01934814453125,-0.3327603340148926,0.17214574999999943,predicted_teacher_disagreement,first,gray
14892,test,-0.6770641803741455,0.01953125,0.3490304140625007,predicted_teacher_disagreement,first,gray
14910,test,0.606658935546875,1.4454333782196045,1.44543340625,predicted_teacher_disagreement,first,gray
14919,test,-0.5485513210296631,0.0,0.0,predicted_teacher_disagreement,second,negative
14925,test,0.3436264991760254,0.44841504096984863,0.44841502343750017,predicted_teacher_disagreement,first,gray
14932,test,-8.211594581604004,-0.12848564982414246,0.0,predicted_teacher_disagreement,first,negative
14938,test,8.775453567504883,9.046509742736816,9.0465089140625,predicted_teacher_disagreement,first,positive
14946,test,-0.923987627029419,0.31449055671691895,0.4921500390625,predicted_teacher_disagreement,second,gray
14958,test,2.2348403930664062,0.0,0.0,predicted_teacher_disagreement,first,negative
14965,test,-0.3882784843444824,-0.039483070373535156,0.1545676250000001,predicted_teacher_disagreement,second,gray
14971,test,0.16380834579467773,0.0,0.0,predicted_teacher_disagreement,first,negative
14974,test,-3.8009281158447266,0.42807960510253906,0.42808004687499945,predicted_teacher_disagreement,first,gray
14975,test,2.183389186859131,0.0,0.0,predicted_teacher_disagreement,second,negative
14979,test,-0.542048454284668,0.3902045488357544,0.39020440624999986,predicted_teacher_disagreement,first,gray
14981,test,0.9350509643554688,0.7700726985931396,0.9982052421874998,predicted_teacher_disagreement,first,gray
14984,test,-1.396449089050293,0.0,0.08004066406250043,predicted_teacher_disagreement,second,gray
14991,test,-3.382542610168457,-0.08272266387939453,0.04185681249999984,predicted_teacher_disagreement,second,negative
14995,test,0.6993494033813477,-0.6096831560134888,0.0,predicted_teacher_disagreement,second,negative
14996,test,3.0687170028686523,6.7821831703186035,6.7821831562499995,predicted_teacher_disagreement,first,positive
14997,test,0.7274599075317383,0.0,0.22771189843749995,predicted_teacher_disagreement,second,gray
15013,test,-0.9766979217529297,0.0,0.0,predicted_teacher_disagreement,first,negative
15022,test,1.0806236267089844,0.0,0.0,predicted_teacher_disagreement,first,negative
15027,test,0.8023471832275391,-0.49399077892303467,0.0,predicted_teacher_disagreement,second,negative
15029,test,-2.061828374862671,0.6268787384033203,0.6268782031250009,predicted_teacher_disagreement,second,gray
15033,test,0.1260366439819336,0.0,0.0,predicted_teacher_disagreement,second,negative
15036,test,-0.5923235416412354,-0.2183666229248047,0.0,predicted_teacher_disagreement,first,negative
15037,test,-0.11394262313842773,-0.611981987953186,0.231085171875,predicted_teacher_disagreement,second,gray
15045,test,0.6227278709411621,-0.9272217750549316,0.0,predicted_teacher_disagreement,first,negative
15061,test,-4.766275405883789,0.21745076775550842,0.21745075781249998,predicted_teacher_disagreement,first,gray
15064,test,0.8713154792785645,0.0,0.021484375,predicted_teacher_disagreement,first,negative
15076,test,0.34855222702026367,1.095665693283081,1.0956656640625,predicted_teacher_disagreement,second,gray
15077,test,-0.05062675476074219,-0.0957406759262085,0.6924058046874999,predicted_teacher_disagreement,first,gray
15080,test,-1.5155138969421387,0.0,0.0,predicted_teacher_disagreement,second,negative
15085,test,-1.8282866477966309,0.0,0.48112263281250023,predicted_teacher_disagreement,second,gray
15086,test,0.4406309127807617,0.5069713592529297,1.2115164609375002,predicted_teacher_disagreement,first,gray
15087,test,2.02620792388916,0.2551305890083313,0.2551305703125,predicted_teacher_disagreement,second,gray
15090,test,1.0539593696594238,-2.292323350906372,0.0,predicted_teacher_disagreement,second,negative
15092,test,1.2931690216064453,0.5917220115661621,2.3648972265625,predicted_teacher_disagreement,second,gray
15094,test,-1.2786259651184082,-1.3456077575683594,0.0,predicted_teacher_disagreement,second,negative
15095,test,-1.3294150829315186,-0.43003320693969727,0.1468675078124999,predicted_teacher_disagreement,second,gray
15106,test,1.0437626838684082,0.0,0.0,predicted_teacher_disagreement,second,negative
15107,test,-2.870180606842041,0.5491361618041992,0.6058518828124999,predicted_teacher_disagreement,first,gray
15124,test,3.1158828735351562,0.0,0.0,predicted_teacher_disagreement,first,negative
15130,test,0.7587800025939941,0.0,0.0,predicted_teacher_disagreement,second,negative
15134,test,0.47504234313964844,1.544118881225586,1.5441181484374997,predicted_teacher_disagreement,second,gray
15143,test,0.2054300308227539,0.06678938865661621,0.36868257031250007,predicted_teacher_disagreement,second,gray
15154,test,-1.3611795902252197,0.2546725273132324,0.2546725156249998,predicted_teacher_disagreement,second,gray
15156,test,0.4561166763305664,1.7097134590148926,1.7097131796875003,predicted_teacher_disagreement,first,gray
15162,test,0.9555597305297852,2.107243537902832,2.602149984375,predicted_teacher_disagreement,first,positive
15165,test,1.6898412704467773,1.440340518951416,1.7711846875,predicted_teacher_disagreement,second,gray
15167,test,-2.604658842086792,-0.09451675415039062,0.8116213515624988,predicted_teacher_disagreement,first,gray
15177,test,-1.379777431488037,0.0,0.0,predicted_teacher_disagreement,second,negative
15207,test,0.9571852684020996,0.26045703887939453,0.2604569687499998,predicted_teacher_disagreement,second,gray
15215,test,-1.6425807476043701,1.5880861282348633,2.5083165390625,predicted_teacher_disagreement,first,gray
15219,test,0.4157414436340332,-0.5752558708190918,0.5482951484375,predicted_teacher_disagreement,first,gray
15225,test,1.0691914558410645,0.0,1.2830158203125,predicted_teacher_disagreement,second,gray
15227,test,-0.038416385650634766,2.030259132385254,2.03025896875,predicted_teacher_disagreement,second,gray
15231,test,0.29601335525512695,-0.09895515441894531,0.0,predicted_teacher_disagreement,second,negative
15232,test,0.923309326171875,0.0,0.0,predicted_teacher_disagreement,second,negative
15266,test,0.35152578353881836,-1.0829930305480957,0.0,predicted_teacher_disagreement,second,negative
15277,test,-0.5057682991027832,-0.46518945693969727,0.0,predicted_teacher_disagreement,second,negative
15281,test,-0.23200321197509766,0.0,0.06388268749999959,predicted_teacher_disagreement,second,gray
15293,test,0.06983137130737305,0.7258251905441284,0.86201946875,predicted_teacher_disagreement,second,gray
15302,test,0.30469560623168945,0.3386194407939911,0.3386194296874999,predicted_teacher_disagreement,second,gray
15303,test,2.1439719200134277,0.0,0.20799334374999967,predicted_teacher_disagreement,first,gray
15305,test,0.02026510238647461,-0.44301366806030273,0.0,predicted_teacher_disagreement,first,negative
15316,test,0.44228267669677734,-0.019036293029785156,0.0,predicted_teacher_disagreement,first,negative
15329,test,0.6705093383789062,0.0,0.9254815625000001,predicted_teacher_disagreement,first,gray
15332,test,-1.497936487197876,0.0,0.0,predicted_teacher_disagreement,first,negative
15335,test,-0.582991361618042,0.0,0.0,predicted_teacher_disagreement,first,negative
15342,test,-4.1535186767578125,-0.048828125,0.0,predicted_teacher_disagreement,second,negative
15365,test,-0.5536575317382812,0.0,1.4326401796875001,predicted_teacher_disagreement,first,gray
15368,test,2.0735206604003906,0.3347501754760742,0.41050192187499945,predicted_teacher_disagreement,second,gray
15377,test,0.6999564170837402,0.0,0.0,predicted_teacher_disagreement,first,negative
15379,test,0.6677393913269043,-0.7129654884338379,0.0,predicted_teacher_disagreement,second,negative
15387,test,-0.7921364307403564,0.0,0.2194038828124999,predicted_teacher_disagreement,first,gray
15388,test,0.33987951278686523,5.090806007385254,5.090805843749999,predicted_teacher_disagreement,first,positive
15397,test,-0.44230079650878906,0.0,0.007429367187499869,predicted_teacher_disagreement,second,negative
15398,test,1.5321307182312012,3.744877815246582,3.744877953125,predicted_teacher_disagreement,first,positive
15406,test,-0.2676205635070801,0.0,0.0,predicted_teacher_disagreement,first,negative
15408,test,1.2480559349060059,0.0,2.7621104062499997,predicted_teacher_disagreement,first,gray
15410,test,-1.28908371925354,0.0,0.0,predicted_teacher_disagreement,first,negative
15412,test,0.8372025489807129,0.0,0.012597398437500296,predicted_teacher_disagreement,first,negative
15430,test,0.9813847541809082,0.0,2.8944767421875,predicted_teacher_disagreement,first,positive
15444,test,-0.6926970481872559,2.571657657623291,2.5716577265625,predicted_teacher_disagreement,first,positive
15447,test,-0.465897798538208,-0.1585860252380371,0.441331328125,predicted_teacher_disagreement,first,gray
15472,test,1.352114200592041,0.0,0.0,predicted_teacher_disagreement,second,negative
15474,test,-1.4118385314941406,-0.556565523147583,0.0,predicted_teacher_disagreement,second,negative
15477,test,-2.3110578060150146,0.7896413803100586,5.53551896875,predicted_teacher_disagreement,second,positive
15481,test,0.6909165382385254,3.662276268005371,3.6622762656249996,predicted_teacher_disagreement,second,positive
15503,test,0.11663627624511719,1.4995880126953125,1.6515860078125,predicted_teacher_disagreement,second,gray
15518,test,-0.7231650352478027,0.0,0.31483625781249996,predicted_teacher_disagreement,second,gray
15521,test,0.7737140655517578,0.0,0.0,predicted_teacher_disagreement,first,negative
15523,test,-2.6922450065612793,-2.9172110557556152,0.0,predicted_teacher_disagreement,second,negative
15539,test,0.5002841949462891,-0.4308743476867676,0.42651005468750025,predicted_teacher_disagreement,second,gray
15540,test,-0.7803955078125,0.0,0.0,predicted_teacher_disagreement,first,negative
15561,test,-0.9716017246246338,0.0,0.0,predicted_teacher_disagreement,second,negative
15581,test,-0.34401845932006836,0.09528255462646484,0.09528253125000008,predicted_teacher_disagreement,second,gray
15584,test,1.1019325256347656,0.0,0.0,predicted_teacher_disagreement,second,negative
15593,test,-1.3569285869598389,0.0,0.0,predicted_teacher_disagreement,first,negative
15616,test,0.22662782669067383,0.0,0.0,predicted_teacher_disagreement,second,negative
15625,test,-0.47357678413391113,0.0,0.07934932031250064,predicted_teacher_disagreement,first,gray
15626,test,2.8640823364257812,0.0,0.0,predicted_teacher_disagreement,second,negative
15627,test,-1.0138931274414062,-0.861328125,0.0,predicted_teacher_disagreement,first,negative
15632,test,3.076910972595215,0.0,0.0,predicted_teacher_disagreement,first,negative
15634,test,-1.7031917572021484,-0.28167057037353516,0.0,predicted_teacher_disagreement,first,negative
15645,test,-1.806279182434082,-0.5054759979248047,0.0,predicted_teacher_disagreement,first,negative
15648,test,-0.4097895622253418,0.17850059270858765,0.28082940624999997,predicted_teacher_disagreement,second,gray
15649,test,-1.6465575695037842,0.0,0.0,predicted_teacher_disagreement,first,negative
15656,test,0.051987648010253906,-0.051201820373535156,0.0,predicted_teacher_disagreement,second,negative
15672,test,-1.711801528930664,0.2047324776649475,0.20473245312499988,predicted_teacher_disagreement,first,gray
15673,test,-4.164279937744141,-3.868420124053955,0.6611558046875001,predicted_teacher_disagreement,second,gray
15692,test,3.3198676109313965,0.0,0.45398660156250004,predicted_teacher_disagreement,second,gray
15694,test,-0.38765954971313477,0.0,0.08984375,predicted_teacher_disagreement,second,gray
15699,test,-4.885239124298096,-2.3533284664154053,0.0,predicted_teacher_disagreement,first,negative
15705,test,-1.9118540287017822,0.6304013133049011,0.6304013203125,predicted_teacher_disagreement,second,gray
15709,test,-1.6893665790557861,0.0,1.7452900234375,predicted_teacher_disagreement,second,gray
15711,test,0.29151248931884766,0.0,0.8776070078125002,predicted_teacher_disagreement,first,gray
15712,test,-0.5502142906188965,0.7943887710571289,0.7943888984375,predicted_teacher_disagreement,second,gray
15718,test,-3.301830291748047,-0.045650601387023926,0.0,predicted_teacher_disagreement,first,negative
15728,test,-0.0956268310546875,0.3960263729095459,0.9076701484375002,predicted_teacher_disagreement,first,gray
15733,test,1.7574644088745117,-0.18631315231323242,0.2242262421875001,predicted_teacher_disagreement,first,gray
15742,test,-0.5672261714935303,-0.13200879096984863,0.0,predicted_teacher_disagreement,first,negative
15757,test,-1.6871654987335205,0.17965000867843628,0.1796500390625,predicted_teacher_disagreement,second,gray
15758,test,-0.4141578674316406,0.0,0.08475064062500026,predicted_teacher_disagreement,first,gray
15765,test,-2.1277055740356445,-2.4548535346984863,0.0,predicted_teacher_disagreement,second,negative
15769,test,-1.283524990081787,0.0,0.4503306874999997,predicted_teacher_disagreement,first,gray
15790,test,0.25536394119262695,0.08241438865661621,0.08241438281249999,predicted_teacher_disagreement,first,gray
15791,test,-5.547604084014893,0.0,0.7600738359374999,predicted_teacher_disagreement,second,gray
15795,test,1.90256929397583,0.0,0.0,predicted_teacher_disagreement,second,negative
15799,test,-0.24335718154907227,0.0,0.8275920234375005,predicted_teacher_disagreement,first,gray
15808,test,-0.5714893341064453,0.0,0.0,predicted_teacher_disagreement,second,negative
15810,test,0.9125175476074219,0.0,0.0,predicted_teacher_disagreement,second,negative
15829,test,0.7562236785888672,0.0,2.060322109375,predicted_teacher_disagreement,first,gray
15837,test,0.5511112213134766,-0.12967252731323242,0.42237051562499994,predicted_teacher_disagreement,second,gray
15838,test,-1.0963943004608154,0.027727127075195312,0.02772688281249991,predicted_teacher_disagreement,first,negative
15842,test,1.612095832824707,0.03592252731323242,0.035922515625000706,predicted_teacher_disagreement,first,negative
15848,test,0.7903218269348145,0.0,0.0,predicted_teacher_disagreement,first,negative
15850,test,-2.1256096363067627,3.4338645935058594,3.5037938671875004,predicted_teacher_disagreement,second,positive
15854,test,0.854011058807373,0.0,0.0,predicted_teacher_disagreement,second,negative
15861,test,-0.5414566993713379,0.0,2.4517133749999998,predicted_teacher_disagreement,second,gray
15869,test,-0.6325380802154541,0.0,0.0,predicted_teacher_disagreement,second,negative
15873,test,-1.931952953338623,0.0,0.0,predicted_teacher_disagreement,first,negative
15876,test,0.12919282913208008,0.0,0.12653253125000008,predicted_teacher_disagreement,second,gray
15877,test,-6.171623229980469,-1.225916862487793,0.0,predicted_teacher_disagreement,first,negative
15888,test,-0.3450741767883301,0.0,0.06108837500000064,predicted_teacher_disagreement,second,gray
15890,test,0.03702974319458008,0.0,0.507529859375,predicted_teacher_disagreement,second,gray
15896,test,1.905444622039795,0.0,0.0,predicted_teacher_disagreement,second,negative
15905,test,1.6544198989868164,-3.8442540168762207,0.0,predicted_teacher_disagreement,first,negative
15911,test,-0.15024328231811523,0.0,0.05702375781249991,predicted_teacher_disagreement,second,gray
15922,test,2.2741003036499023,0.0,0.0,predicted_teacher_disagreement,first,negative
15927,test,-2.0022623538970947,-0.7398598194122314,0.0,predicted_teacher_disagreement,first,negative
15932,test,-2.018129587173462,0.0,0.0,predicted_teacher_disagreement,second,negative
15935,test,1.9074444770812988,0.0,0.0,predicted_teacher_disagreement,first,negative
15936,test,0.9213123321533203,-0.6233925223350525,0.0,predicted_teacher_disagreement,second,negative
15942,test,-1.4587340354919434,-0.07533068209886551,0.2679612578125,predicted_teacher_disagreement,second,gray
15943,test,-0.1557455062866211,-0.7038164138793945,0.0,predicted_teacher_disagreement,second,negative
15985,test,-1.2321109771728516,0.3659629821777344,0.9500599374999998,predicted_teacher_disagreement,second,gray
15986,test,-0.280487060546875,0.3796353340148926,0.5675181874999993,predicted_teacher_disagreement,first,gray
15987,test,-1.028733253479004,-4.654388904571533,0.0,predicted_teacher_disagreement,second,negative
15990,test,-4.75535774230957,0.0,0.0,predicted_teacher_disagreement,second,negative
15996,test,-3.2064597606658936,0.3116588592529297,0.5217925859374999,predicted_teacher_disagreement,second,gray
16012,test,0.2932615280151367,0.416015625,0.529296875,random_off_policy,first,gray
16035,test,0.3848114013671875,0.3828125,1.029296875,random_off_policy,second,gray
16036,test,1.8022923469543457,2.886185884475708,2.8861857734375,random_off_policy,first,positive
16046,test,-0.08481931686401367,0.716796875,0.716796875,random_off_policy,first,gray
16051,test,1.1107559204101562,1.1460177898406982,1.7964084218749998,random_off_policy,second,positive
16052,test,0.7035093307495117,2.615234375,2.615234375,random_off_policy,first,positive
16056,test,0.24794292449951172,0.35546875,0.35546875,random_off_policy,first,gray
16057,test,0.16614484786987305,0.0,0.0,random_off_policy,second,negative
16074,test,0.24794292449951172,0.33203125,0.373046875,random_off_policy,first,gray
16075,test,0.16614484786987305,0.0,0.0,random_off_policy,second,negative
16110,test,0.24794292449951172,0.271484375,0.271484375,random_off_policy,first,gray
16112,test,-0.5273556709289551,0.0,0.0,random_off_policy,first,negative
16114,test,-0.5287549495697021,0.0,0.17501498437499996,random_off_policy,first,gray
16117,test,0.6698555946350098,0.6328125,0.6328125,random_off_policy,second,gray
16127,test,1.057316780090332,1.162109375,1.162109375,random_off_policy,second,positive
16146,test,0.24794292449951172,0.46875,0.46875,random_off_policy,first,gray
16152,test,-0.42529869079589844,-0.14453125,0.0,random_off_policy,first,negative
16155,test,-0.30347108840942383,0.0,0.0,random_off_policy,second,negative
16160,test,0.7035093307495117,1.6328125,1.6328125,random_off_policy,first,positive
16188,test,-0.42529869079589844,0.08394694328308105,0.08394691406249999,random_off_policy,first,gray
16199,test,1.4936623573303223,0.87109375,1.73046875,random_off_policy,second,positive
16210,test,-0.21268701553344727,0.0,0.0,random_off_policy,first,negative
16215,test,0.7974967956542969,0.8894381523132324,1.890699921875,random_off_policy,second,positive
16219,test,-0.3463630676269531,-0.24689745903015137,0.0,random_off_policy,second,negative
16221,test,-0.42254638671875,0.0,0.0078125,random_off_policy,second,negative
16227,test,-0.30347108840942383,0.0,0.0,random_off_policy,second,negative
16229,test,0.9667739868164062,1.23046875,1.23046875,random_off_policy,second,positive
16232,test,0.31634521484375,0.451171875,0.54296875,random_off_policy,first,gray
16233,test,0.7974967956542969,0.38901758193969727,1.4664886640625001,random_off_policy,second,positive
16247,test,0.9667739868164062,1.171875,1.1953125,random_off_policy,second,positive
16249,test,2.5554962158203125,1.8442081212997437,2.0012243203124997,random_off_policy,second,positive
16255,test,-0.3463630676269531,-0.4406399726867676,0.0,random_off_policy,second,negative
16275,test,-0.8861265182495117,0.0,0.03515625,random_off_policy,second,negative
16286,test,0.31634521484375,0.392578125,0.392578125,random_off_policy,first,gray
16298,test,1.2041244506835938,0.4983177185058594,0.6576701484375,random_off_policy,first,gray
16322,test,0.31634521484375,0.759765625,0.759765625,random_off_policy,first,gray
16344,test,1.4120001792907715,1.375,1.3749999999999998,random_off_policy,first,positive
16347,test,-0.8861265182495117,0.0,0.177734375,random_off_policy,second,gray
16351,test,0.5790586471557617,1.50390625,1.50390625,random_off_policy,second,positive
16354,test,1.4919304847717285,2.805828332901001,2.805828375,random_off_policy,first,positive
16361,test,1.4936623573303223,0.734375,1.640625,random_off_policy,second,positive
16365,test,-0.8861265182495117,0.0,0.0,random_off_policy,second,negative
16371,test,0.7328062057495117,0.2406177520751953,0.2956881406249998,random_off_policy,second,gray
16380,test,1.4120001792907715,1.4554612636566162,1.4554612578125,random_off_policy,first,positive
16388,test,1.2041244506835938,1.3353290557861328,1.335329601562501,random_off_policy,first,positive
16390,test,1.4919304847717285,1.8509000539779663,1.85090009375,random_off_policy,first,positive
16392,test,-0.04364585876464844,0.2265625,0.2578125,random_off_policy,first,gray
16403,test,0.9884824752807617,1.216796875,1.216796875,random_off_policy,second,positive
16409,test,-0.2705726623535156,0.13671875,0.13671875,random_off_policy,second,gray
16414,test,0.04596853256225586,-0.07655501365661621,0.04063249218750001,random_off_policy,first,negative
16417,test,4.540131092071533,3.947265625,4.57421875,random_off_policy,second,positive
16418,test,-1.4476525783538818,0.0,0.0,random_off_policy,first,negative
16427,test,-0.2705726623535156,-0.05859375,0.0,random_off_policy,second,negative
16438,test,0.36284732818603516,0.4921875,0.556640625,random_off_policy,first,gray
16450,test,0.04596853256225586,-0.29216504096984863,0.0,random_off_policy,first,negative
16459,test,0.19989967346191406,0.28515625,0.3671875,random_off_policy,second,gray
16461,test,0.7328062057495117,0.185546875,0.185546875,random_off_policy,second,gray
16464,test,-0.04364585876464844,1.109375,1.12890625,random_off_policy,first,positive
16466,test,1.5756235122680664,1.087928056716919,1.8808968359375,random_off_policy,first,positive
16480,test,1.4919304847717285,2.8128747940063477,2.812874609375,random_off_policy,first,positive
16483,test,1.0721993446350098,1.291015625,1.291015625,random_off_policy,second,positive
16486,test,0.04596853256225586,0.1312425136566162,0.32226562499999994,random_off_policy,first,gray
16487,test,0.4904212951660156,0.0,0.1066930703125002,random_off_policy,second,gray
16488,test,0.7935595512390137,0.9288839101791382,1.2374775234374997,random_off_policy,first,positive
16489,test,4.540131092071533,4.177734375,4.82421875,random_off_policy,second,positive
16490,test,-1.4476525783538818,0.0,0.0,random_off_policy,first,negative
16502,test,1.5756235122680664,0.7828574776649475,1.866841828125,random_off_policy,first,positive
16505,test,0.4904212951660156,0.0,0.16061430468749993,random_off_policy,second,gray
16516,test,-0.34790992736816406,0.0,0.10194563281250002,random_off_policy,first,gray
16529,test,-0.5061650276184082,-0.533203125,0.0,random_off_policy,second,negative
16549,test,0.19989967346191406,0.0390625,0.0390625,random_off_policy,second,negative
16551,test,0.07788372039794922,0.0,0.009765625,random_off_policy,second,negative
16553,test,0.6781229972839355,0.11094498634338379,0.5769756015624998,random_off_policy,second,gray
16562,test,-1.4476525783538818,0.0,0.0,random_off_policy,first,negative
16569,test,0.07788372039794922,0.0,0.09375,random_off_policy,second,gray
16581,test,2.717838764190674,3.15625,3.158203125,random_off_policy,second,positive
16610,test,-0.7703616619110107,-0.08203125,0.04691246093750001,random_off_policy,first,negative
16618,test,-0.27753114700317383,-0.4816555976867676,0.0,random_off_policy,first,negative
16622,test,0.6416687965393066,0.423828125,1.37890625,random_off_policy,first,positive
16630,test,0.42455101013183594,-0.138671875,0.04296875,random_off_policy,first,negative
16631,test,0.059001922607421875,0.0,0.0,random_off_policy,second,negative
16640,test,0.6416687965393066,0.787109375,1.61328125,random_off_policy,first,positive
16651,test,0.25092411041259766,0.265625,0.28515625,random_off_policy,second,gray
16658,test,-0.31913042068481445,0.5349230766296387,0.5544542109375001,random_off_policy,first,gray
16659,test,-0.22195053100585938,-0.060546875,0.0,random_off_policy,second,negative
16663,test,0.050731658935546875,0.126953125,0.126953125,random_off_policy,second,gray
16666,test,0.42455101013183594,-0.189453125,0.025390625,random_off_policy,first,negative
16670,test,-1.0956223011016846,0.0,0.0,random_off_policy,first,negative
16671,test,0.28618764877319336,-0.9865989685058594,0.0,random_off_policy,second,negative
16672,test,-0.27753114700317383,-0.4554612636566162,0.10975813281250035,random_off_policy,first,gray
16679,test,0.283414363861084,0.19921875,0.357421875,random_off_policy,second,gray
16683,test,0.37509965896606445,-0.345703125,0.03553938281249991,random_off_policy,second,negative
16685,test,0.059001922607421875,0.0,0.046875,random_off_policy,second,negative
16689,test,0.28618764877319336,-0.7702226638793945,0.0,random_off_policy,second,negative
16706,test,-1.0956223011016846,0.0,0.0,random_off_policy,first,negative
16710,test,-0.20952749252319336,0.0,0.0,random_off_policy,first,negative
16715,test,0.283414363861084,0.2109375,0.2109375,random_off_policy,second,gray
16716,test,-0.3352327346801758,0.3515625,0.3515625,random_off_policy,first,gray
16726,test,-0.27753114700317383,-0.6168042421340942,0.0,random_off_policy,first,negative
16730,test,-0.31913042068481445,0.50057053565979,0.5005704375,random_off_policy,first,gray
16735,test,1.0131902694702148,0.154296875,0.865234375,random_off_policy,second,positive
16744,test,-0.27753114700317383,-0.5757887363433838,0.0,random_off_policy,first,negative
16748,test,-0.31913042068481445,0.3318352699279785,0.40096106249999997,random_off_policy,first,gray
16750,test,2.8406763076782227,3.1015625,3.1015625,random_off_policy,first,positive
16767,test,-0.22195053100585938,-0.138671875,0.0,random_off_policy,second,negative
16777,test,1.47357177734375,0.5859375,0.62109375,random_off_policy,second,gray
16785,test,-0.22195053100585938,0.029296875,0.029296875,random_off_policy,second,negative
16792,test,0.8844966888427734,1.00390625,1.041015625,random_off_policy,first,positive
16797,test,-0.3246645927429199,0.0,0.0,random_off_policy,second,negative
16800,test,-0.20952749252319336,0.0,0.0,random_off_policy,first,negative
16802,test,-0.31913042068481445,0.7216191291809082,0.7835028125000001,random_off_policy,first,gray
16804,test,2.8406763076782227,3.017578125,3.06640625,random_off_policy,first,positive
16813,test,1.47357177734375,0.693359375,0.779296875,random_off_policy,second,positive
16815,test,-0.3246645927429199,0.0,0.0,random_off_policy,second,negative
16816,test,0.2246541976928711,0.0,0.0,random_off_policy,first,negative
16818,test,-0.20332860946655273,0.90625,0.921875,random_off_policy,first,gray
16823,test,0.283414363861084,0.138671875,0.138671875,random_off_policy,second,gray
16830,test,-0.02124166488647461,0.0,0.3812425078124999,random_off_policy,first,gray
16836,test,-0.20332860946655273,0.994140625,1.00390625,random_off_policy,first,gray
16844,test,1.8461031913757324,1.8878681659698486,2.18359375,random_off_policy,first,positive
16847,test,0.48816680908203125,0.0,0.0,random_off_policy,second,negative
16854,test,-0.20332860946655273,0.830078125,0.888671875,random_off_policy,first,gray
16855,test,0.36559438705444336,0.56640625,0.56640625,random_off_policy,second,gray
16861,test,1.0131902694702148,0.251953125,0.765625,random_off_policy,second,positive
16876,test,0.15107202529907227,0.0,0.47265625,random_off_policy,first,gray
16881,test,0.2860698699951172,0.0,0.25390625,random_off_policy,second,gray
16885,test,1.47357177734375,0.544921875,0.61328125,random_off_policy,second,gray
16898,test,0.04576730728149414,0.0,0.09880564843749995,random_off_policy,first,gray
16906,test,0.2246541976928711,0.0,0.0,random_off_policy,first,negative
16912,test,0.15107202529907227,0.0,0.22265625,random_off_policy,first,gray
16914,test,-0.0020160675048828125,0.5023362636566162,0.5023362578124999,random_off_policy,first,gray
16920,test,-0.02124166488647461,0.0,0.83984375,random_off_policy,first,gray
16934,test,0.04576730728149414,0.0,0.07379815625000008,random_off_policy,first,gray
16945,test,0.36559438705444336,1.09375,1.09375,random_off_policy,second,gray
16953,test,0.09514141082763672,0.033203125,0.146484375,random_off_policy,second,gray
16958,test,-0.012141227722167969,0.01953125,0.212890625,random_off_policy,first,gray
16969,test,0.33232736587524414,1.318892240524292,1.3188923515625,random_off_policy,second,positive
16971,test,0.09514141082763672,0.060546875,0.060546875,random_off_policy,second,gray
16972,test,0.43901777267456055,1.0598844289779663,1.05988446875,random_off_policy,first,gray
16976,test,-0.012141227722167969,0.05078125,0.25390625,random_off_policy,first,gray
16978,test,0.401059627532959,0.884765625,0.8984375,random_off_policy,first,gray
17010,test,0.07448339462280273,0.234375,0.234375,random_off_policy,first,gray
17013,test,-0.8385396003723145,0.0,0.0,random_off_policy,second,negative
17014,test,0.401059627532959,0.806640625,1.02734375,random_off_policy,first,gray
17015,test,0.5810079574584961,0.3125,0.69140625,random_off_policy,second,gray
17038,test,0.5108423233032227,0.00390625,0.111328125,random_off_policy,first,gray
17068,test,0.401059627532959,0.484375,0.484375,random_off_policy,first,gray
17070,test,3.584200382232666,4.19140625,4.19140625,random_off_policy,first,positive
17076,test,-0.8899326324462891,0.0,0.0,random_off_policy,first,negative
17080,test,0.43901777267456055,1.1329913139343262,1.1329912812500003,random_off_policy,first,gray
17109,test,0.3171415328979492,0.73046875,0.73046875,random_off_policy,second,positive
17115,test,0.872321605682373,0.751953125,1.26171875,random_off_policy,second,positive
17116,test,-0.3929758071899414,0.193359375,0.193359375,random_off_policy,first,gray
17118,test,0.7153716087341309,1.3246018886566162,1.3246018828125001,random_off_policy,first,positive
17124,test,3.584200382232666,4.115234375,4.115234375,random_off_policy,first,positive
17129,test,1.0139360427856445,1.0078125,1.0078125,random_off_policy,second,positive
17146,test,0.5108423233032227,0.19921875,0.302734375,random_off_policy,first,gray
17149,test,2.51193904876709,2.08203125,2.115234375,random_off_policy,second,positive
17150,test,0.47085094451904297,1.7734375,1.7734375,random_off_policy,first,positive
17157,test,3.026060104370117,3.375,4.0703125,random_off_policy,second,positive
17160,test,3.584200382232666,4.451171875,4.451171875,random_off_policy,first,positive
17161,test,5.004610538482666,5.240234375,5.240234375,random_off_policy,second,positive
17166,test,-0.8899326324462891,0.0,0.0,random_off_policy,first,negative
17173,test,0.16625022888183594,0.0,0.02297944531250007,random_off_policy,second,negative
17186,test,0.47085094451904297,1.75,1.75,random_off_policy,first,positive
17202,test,-0.8899326324462891,0.0,0.0,random_off_policy,first,negative
17208,test,0.7153716087341309,0.8671875,0.88671875,random_off_policy,first,gray
17211,test,3.026060104370117,3.470703125,4.3671875,random_off_policy,second,positive
17223,test,0.872321605682373,0.76171875,0.92578125,random_off_policy,second,positive
17225,test,1.317701816558838,1.6926305294036865,1.6926305703125002,random_off_policy,second,positive
17230,test,0.36192798614501953,0.962890625,0.962890625,random_off_policy,first,positive
17246,test,2.0808892250061035,2.625,2.755859375,random_off_policy,first,positive
17248,test,0.36192798614501953,0.658203125,0.8515625,random_off_policy,first,gray
17250,test,3.3875837326049805,4.662529945373535,4.66252996875,random_off_policy,first,positive
17253,test,-0.27532529830932617,0.0,0.0,random_off_policy,second,negative
17258,test,-0.08787250518798828,-0.0703125,0.0,random_off_policy,first,negative
17260,test,-0.3929758071899414,0.310546875,0.5191481171874999,random_off_policy,first,gray
17264,test,2.0808892250061035,2.533203125,2.533203125,random_off_policy,first,positive
17277,test,-0.4361872673034668,0.15238118171691895,0.1523812109375,random_off_policy,second,gray
17278,test,0.2153301239013672,-0.7815207242965698,0.0,random_off_policy,first,negative
17282,test,2.0808892250061035,2.4609375,2.4609375,random_off_policy,first,positive
17288,test,0.5570259094238281,0.1015625,0.1015625,random_off_policy,first,gray
17290,test,-0.6737103462219238,0.0,0.0,random_off_policy,first,negative
17297,test,0.6315646171569824,0.5730693340301514,0.6886868593750002,random_off_policy,second,gray
17310,test,0.1419205665588379,-0.17578125,0.0,random_off_policy,first,negative
17312,test,-0.08787250518798828,0.3226487338542938,0.32264875781249996,random_off_policy,first,gray
17322,test,3.3875837326049805,4.515279293060303,4.5152793281250005,random_off_policy,first,positive
17325,test,-0.27532529830932617,0.0,0.091796875,random_off_policy,second,gray
17334,test,0.7305126190185547,-0.24372005462646484,0.0,random_off_policy,first,negative
17344,test,-0.6737103462219238,0.0,0.0,random_off_policy,first,negative
17352,test,0.7305126190185547,0.12343025207519531,0.12343000781249991,random_off_policy,first,gray
17353,test,-0.4353199005126953,0.0,0.0,random_off_policy,second,negative
17359,test,-0.40970945358276367,0.0,0.0,random_off_policy,second,negative
17361,test,-0.27532529830932617,0.0,0.3359375,random_off_policy,second,gray
17370,test,0.7305126190185547,0.8714020252227783,0.8714019609375003,random_off_policy,first,gray
17377,test,-0.40970945358276367,0.0,0.0,random_off_policy,second,negative
17390,test,1.6431279182434082,1.3386569023132324,1.541015625,random_off_policy,first,positive
17392,test,1.629547119140625,2.15625,2.16015625,random_off_policy,first,positive
17402,test,-0.08787250518798828,0.1894531548023224,0.18945312500000006,random_off_policy,first,gray
17407,test,-0.4353199005126953,0.0,0.0,random_off_policy,second,negative
17408,test,1.6431279182434082,1.8237979412078857,1.8237981562499996,random_off_policy,first,positive
17416,test,-0.3539085388183594,0.0,0.0,random_off_policy,first,negative
17418,test,0.32279396057128906,0.556640625,0.556640625,random_off_policy,first,gray
17427,test,-0.4322319030761719,-0.9746551513671875,0.0,random_off_policy,second,negative
17434,test,-0.3539085388183594,0.0,0.0,random_off_policy,first,negative
17438,test,0.6916851997375488,0.96875,0.96875,random_off_policy,first,positive
17443,test,-0.4353199005126953,0.0,0.0,random_off_policy,second,negative
17452,test,-0.3539085388183594,0.0,0.0,random_off_policy,first,negative
17457,test,2.781248092651367,2.2890625,2.783203125,random_off_policy,second,positive
17458,test,0.19959640502929688,-0.615234375,0.310546875,random_off_policy,first,gray
17467,test,-0.40970945358276367,0.0,0.0,random_off_policy,second,negative
17473,test,1.251772403717041,0.779296875,0.779296875,random_off_policy,second,positive
17474,test,0.6916851997375488,1.150390625,1.150390625,random_off_policy,first,positive
17480,test,1.6431279182434082,1.160156011581421,1.5109150234374997,random_off_policy,first,positive
17481,test,-0.4322319030761719,-0.5559201240539551,0.0,random_off_policy,second,negative
17485,test,-0.40970945358276367,0.0,0.0,random_off_policy,second,negative
17487,test,3.151449203491211,3.02734375,3.1878831328125,random_off_policy,second,positive
17505,test,3.151449203491211,3.4921875,3.603515625,random_off_policy,second,positive
17509,test,1.251772403717041,1.20703125,1.20703125,random_off_policy,second,positive
17518,test,-0.021025657653808594,0.0,0.0,random_off_policy,first,negative
17527,test,1.251772403717041,0.71875,0.71875,random_off_policy,second,positive
17529,test,2.781248092651367,1.947265625,2.560546875,random_off_policy,second,positive
17530,test,0.19959640502929688,-0.265625,0.759765625,random_off_policy,first,gray
17548,test,0.19959640502929688,-0.791015625,0.46484375,random_off_policy,first,gray
17549,test,0.9314155578613281,1.6015625,1.6015625,random_off_policy,second,positive
17554,test,-0.021025657653808594,0.0,0.0,random_off_policy,first,negative
17556,test,-0.05492591857910156,-0.285847544670105,0.05790240624999998,random_off_policy,first,gray
17579,test,-0.4269595146179199,0.0,0.0,random_off_policy,second,negative
17580,test,0.32279396057128906,0.76171875,0.76171875,random_off_policy,first,gray
17583,test,2.781248092651367,2.177734375,2.98828125,random_off_policy,second,positive
17589,test,0.1456432342529297,-0.048828125,0.16796875,random_off_policy,second,gray
17594,test,-0.49972963333129883,0.0,0.0,random_off_policy,first,negative
17602,test,0.19959640502929688,-0.5625,0.19921875,random_off_policy,first,gray
17604,test,1.126023292541504,1.689453125,1.828125,random_off_policy,first,positive
17617,test,-0.019217967987060547,0.0,0.5625,random_off_policy,second,gray
17620,test,0.19959640502929688,-0.234375,0.416015625,random_off_policy,first,gray
17624,test,-0.3328371047973633,-0.15506315231323242,0.2035081328124999,random_off_policy,first,gray
17631,test,-0.1555643081665039,0.511681318283081,0.6875,random_off_policy,second,gray
17633,test,-0.4269595146179199,0.0,0.0,random_off_policy,second,negative
17643,test,0.1456432342529297,-0.32421875,0.0,random_off_policy,second,negative
17649,test,-0.1555643081665039,0.2203199863433838,0.4273512421875001,random_off_policy,second,gray
17650,test,1.3980836868286133,0.970703125,1.171875,random_off_policy,first,positive
17658,test,-0.004383563995361328,0.798828125,0.798828125,random_off_policy,first,gray
17660,test,-0.3328371047973633,0.006242513656616211,0.591796875,random_off_policy,first,gray
17661,test,0.1456432342529297,0.357421875,0.357421875,random_off_policy,second,gray
17662,test,-0.021025657653808594,0.0,0.0,random_off_policy,first,negative
17668,test,1.3980836868286133,1.3125,1.638671875,random_off_policy,first,positive
17675,test,-0.05722188949584961,0.0,0.0,random_off_policy,second,negative
17690,test,3.473999500274658,3.576171875,3.798828125,random_off_policy,first,positive
17706,test,0.06543540954589844,0.244140625,0.244140625,random_off_policy,first,gray
17717,test,2.5903401374816895,2.73046875,2.73046875,random_off_policy,second,positive
17729,test,-0.05722188949584961,0.0,0.06640625,random_off_policy,second,gray
17737,test,-1.236234188079834,0.0,0.0,random_off_policy,second,negative
17741,test,-0.4269595146179199,0.0,0.0,random_off_policy,second,negative
17742,test,0.06543540954589844,-0.267578125,0.0,random_off_policy,first,negative
17762,test,3.473999500274658,3.74609375,3.74609375,random_off_policy,first,positive
17764,test,0.32169580459594727,0.0,0.0,random_off_policy,first,negative
17768,test,0.006994724273681641,0.0,0.0,random_off_policy,first,negative
17775,test,-0.721994161605835,0.0,0.0,random_off_policy,second,negative
17776,test,-0.29148101806640625,0.0,0.0,random_off_policy,first,negative
17799,test,0.8584866523742676,0.12534570693969727,0.12534567187500034,random_off_policy,second,gray
17801,test,-0.05722188949584961,0.0,0.005859375,random_off_policy,second,negative
17812,test,-0.29148101806640625,0.0,0.0,random_off_policy,first,negative
17818,test,1.24360990524292,1.41796875,1.6640625,random_off_policy,first,positive
17826,test,0.09856271743774414,0.0,0.0,random_off_policy,first,negative
17830,test,-0.29148101806640625,0.0,0.0,random_off_policy,first,negative
17835,test,0.8584866523742676,0.11833715438842773,0.5339319296874994,random_off_policy,second,gray
17836,test,1.24360990524292,1.189453125,1.607421875,random_off_policy,first,positive
17845,test,-1.236234188079834,0.0,0.0,random_off_policy,second,negative
17848,test,-0.29148101806640625,0.0,0.0,random_off_policy,first,negative
17867,test,-0.6754894256591797,0.0,0.0,random_off_policy,second,negative
17869,test,0.6906027793884277,0.603515625,0.6171875,random_off_policy,second,gray
17871,test,0.8584866523742676,0.4167442321777344,0.45504066406250043,random_off_policy,second,gray
17873,test,0.538081169128418,0.08984375,0.11328125,random_off_policy,second,gray
17887,test,0.6906027793884277,0.79296875,0.923828125,random_off_policy,second,positive
17888,test,0.5041027069091797,-0.1507740020751953,0.04258561718750009,random_off_policy,first,negative
17891,test,0.538081169128418,0.5390625,0.55078125,random_off_policy,second,gray
17906,test,0.5041027069091797,-0.029296875,0.087890625,random_off_policy,first,gray
17927,test,0.538081169128418,0.755859375,0.755859375,random_off_policy,second,positive
17937,test,-0.5803399085998535,0.0,0.0,random_off_policy,second,negative
17941,test,0.6906027793884277,1.080078125,1.09375,random_off_policy,second,positive
17948,test,-0.093170166015625,0.0,0.0,random_off_policy,first,negative
17954,test,1.6622061729431152,1.4818428754806519,1.4935616640625,random_off_policy,first,positive
17961,test,0.8584866523742676,0.22809505462646484,0.45347067187499945,random_off_policy,second,gray
17962,test,1.24360990524292,1.4140625,1.76171875,random_off_policy,first,positive
17963,test,0.538081169128418,0.677734375,0.693359375,random_off_policy,second,positive
17965,test,1.1525378227233887,2.34375,2.34375,random_off_policy,second,positive
17969,test,3.0756492614746094,3.83203125,3.83203125,random_off_policy,second,positive
17974,test,-1.1331615447998047,0.0,0.0,random_off_policy,first,negative
17975,test,-1.090963363647461,0.0,0.0,random_off_policy,second,negative
17976,test,-0.4605555534362793,-0.03125,0.0,random_off_policy,first,negative
17981,test,0.538081169128418,0.48046875,0.48046875,random_off_policy,second,gray
17982,test,-0.4415416717529297,-0.0007662773132324219,0.0,random_off_policy,first,negative
17985,test,-0.10287618637084961,0.0,0.46875,random_off_policy,second,gray
17992,test,-1.1331615447998047,0.0,0.0,random_off_policy,first,negative
18003,test,-0.10287618637084961,0.0,0.37109375,random_off_policy,second,gray
18004,test,-0.4745199680328369,0.0,0.0,random_off_policy,first,negative
18005,test,3.0756492614746094,3.54296875,3.54296875,random_off_policy,second,positive
18014,test,1.9800195693969727,2.53515625,2.53515625,random_off_policy,first,positive
18017,test,0.7993760108947754,0.306640625,0.87890625,random_off_policy,second,gray
18038,test,-0.4071664810180664,0.0,0.0,random_off_policy,first,negative
18041,test,3.0756492614746094,3.603515625,3.603515625,random_off_policy,second,positive
18049,test,-0.11793947219848633,0.0,0.0,random_off_policy,second,negative
18056,test,-0.4071664810180664,0.0,0.0,random_off_policy,first,negative
18059,test,-0.2768526077270508,0.0,0.0,random_off_policy,second,negative
18061,test,-0.08740758895874023,0.0,0.01171875,random_off_policy,second,negative
18065,test,-1.090963363647461,0.0,0.0,random_off_policy,second,negative
18073,test,1.0656752586364746,0.591796875,0.591796875,random_off_policy,second,gray
18078,test,-0.9218783378601074,0.0,0.0,random_off_policy,first,negative
18080,test,1.6622061729431152,2.203274726867676,2.20327484375,random_off_policy,first,positive
18084,test,-0.4605555534362793,0.05859375,0.05859375,random_off_policy,first,gray
18085,test,-0.11793947219848633,0.0,0.0,random_off_policy,second,negative
18093,test,0.5108461380004883,0.8097431659698486,0.8097431484375002,random_off_policy,second,gray
18098,test,0.2690267562866211,0.328125,0.328125,random_off_policy,first,gray
18100,test,-1.1331615447998047,0.0,0.0,random_off_policy,first,negative
18105,test,0.3113374710083008,0.328125,0.328125,random_off_policy,second,gray
18110,test,-0.4071664810180664,0.0,0.0,random_off_policy,first,negative
18111,test,0.5108461380004883,0.949181318283081,0.9491812890625,random_off_policy,second,gray
18115,test,-0.26976633071899414,0.04296875,0.04296875,random_off_policy,second,negative
18128,test,-0.4071664810180664,0.0,0.0,random_off_policy,first,negative
18131,test,-0.2768526077270508,0.0,0.181640625,random_off_policy,second,gray
18136,test,0.4929804801940918,0.5152420997619629,0.5972731171875001,random_off_policy,first,gray
18151,test,-0.26976633071899414,0.201171875,0.201171875,random_off_policy,second,gray
18154,test,0.4929804801940918,0.2066478729248047,0.2679612578124999,random_off_policy,first,gray
18171,test,0.1216897964477539,-0.228515625,0.115234375,random_off_policy,second,gray
18173,test,0.04282665252685547,-0.46174120903015137,0.0546875,random_off_policy,second,gray
18179,test,0.3670177459716797,0.0,0.4250524453125002,random_off_policy,second,gray
18182,test,-0.4071664810180664,0.0,0.0,random_off_policy,first,negative
18188,test,0.2690267562866211,0.28515625,0.28515625,random_off_policy,first,gray
18194,test,-0.2269887924194336,0.0,0.162109375,random_off_policy,first,gray
18203,test,-0.2768526077270508,0.0,0.0,random_off_policy,second,negative
18207,test,0.1216897964477539,-0.25390625,0.0234375,random_off_policy,second,negative
18210,test,-0.381711483001709,0.0,0.14563466406250003,random_off_policy,first,gray
18211,test,4.4482855796813965,3.751953125,3.751953125,random_off_policy,second,positive
18215,test,0.3670177459716797,0.0,0.0,random_off_policy,second,negative
18226,test,0.4929804801940918,0.45703125,0.462890625,random_off_policy,first,gray
18230,test,-0.2269887924194336,0.0,0.166015625,random_off_policy,first,gray
18240,test,-0.9218783378601074,0.0,0.0,random_off_policy,first,negative
18243,test,0.1216897964477539,0.033203125,0.033203125,random_off_policy,second,negative
18251,test,0.3670177459716797,0.0,0.6215143437499999,random_off_policy,second,gray
18265,test,4.4482855796813965,3.5703125,3.5703125,random_off_policy,second,positive
18267,test,0.9193506240844727,0.0,0.0,random_off_policy,second,negative
18271,test,-0.7162706851959229,0.0,0.0,random_off_policy,second,negative
18286,test,-0.3319830894470215,0.11366438865661621,0.1449143828124999,random_off_policy,first,gray
18295,test,0.7169008255004883,1.265625,1.265625,random_off_policy,second,positive
18305,test,0.3670177459716797,0.0,0.4508636640625001,random_off_policy,second,gray
18319,test,-0.14040851593017578,0.21484375,0.23828125,random_off_policy,second,gray
18321,test,0.9193506240844727,0.0,0.0,random_off_policy,second,negative
18325,test,-0.7162706851959229,0.0,0.0,random_off_policy,second,negative
18331,test,0.7169008255004883,1.123046875,1.123046875,random_off_policy,second,positive
18336,test,-0.3185267448425293,0.109375,0.109375,random_off_policy,first,gray
18337,test,-0.14040851593017578,0.123046875,0.123046875,random_off_policy,second,gray
18352,test,0.7780299186706543,0.447265625,0.712890625,random_off_policy,first,positive
18372,test,-0.3185267448425293,-0.015625,0.0,random_off_policy,first,negative
18384,test,0.5377850532531738,0.34375,0.408203125,random_off_policy,first,gray
18385,test,0.7169008255004883,1.265625,1.265625,random_off_policy,second,positive
18405,test,0.18495845794677734,0.3327975273132324,0.3327975156249998,random_off_policy,second,gray
18409,test,-0.14040851593017578,-0.0390625,0.13671875,random_off_policy,second,gray
18418,test,-0.12333106994628906,-0.16796875,0.095703125,random_off_policy,first,gray
18420,test,0.5377850532531738,0.283203125,0.337890625,random_off_policy,first,gray
18422,test,-0.35688018798828125,0.0,0.58984375,random_off_policy,first,gray
18425,test,1.0067253112792969,0.818359375,0.818359375,random_off_policy,second,positive
18428,test,2.3419814109802246,1.48046875,1.5703125,random_off_policy,first,positive
18429,test,2.170013427734375,2.755859375,2.755859375,random_off_policy,second,positive
18433,test,1.3355817794799805,1.8515625,1.8515625,random_off_policy,second,positive
18435,test,0.12094354629516602,-0.08203125,0.623046875,random_off_policy,second,gray
18442,test,0.7780299186706543,0.71484375,0.91015625,random_off_policy,first,positive
18451,test,1.3355817794799805,1.326171875,1.380859375,random_off_policy,second,positive
18458,test,0.2755274772644043,0.0,0.007429367187500091,random_off_policy,first,negative
18461,test,1.0067253112792969,0.435546875,0.435546875,random_off_policy,second,gray
18465,test,2.170013427734375,2.6015625,2.6015625,random_off_policy,second,positive
18474,test,-0.20154380798339844,-0.717180073261261,0.0,random_off_policy,first,negative
18482,test,2.3419814109802246,1.37109375,1.42578125,random_off_policy,first,positive
18489,test,0.12094354629516602,0.037109375,0.408203125,random_off_policy,second,gray
18493,test,1.0882658958435059,1.0613505840301514,1.9219124609375,random_off_policy,second,positive
18494,test,0.2755274772644043,0.0,0.044921875,random_off_policy,first,negative
18505,test,1.3355817794799805,1.498046875,1.498046875,random_off_policy,second,positive
18507,test,0.12094354629516602,-0.0703125,0.435546875,random_off_policy,second,gray
18540,test,0.14351844787597656,-0.328125,0.43359375,random_off_policy,first,gray
18548,test,0.2755274772644043,0.0,0.126953125,random_off_policy,first,gray
18549,test,1.2187318801879883,0.23169302940368652,0.2832405859374998,random_off_policy,second,gray
18555,test,1.709317684173584,2.37109375,2.37109375,random_off_policy,second,positive
18562,test,-0.12333106994628906,-0.072265625,0.0625,random_off_policy,first,gray
18564,test,-0.20154380798339844,-0.544921875,0.0,random_off_policy,first,negative
18566,test,0.2755274772644043,0.0,0.11990689062499982,random_off_policy,first,gray
18576,test,0.29675817489624023,0.5628831386566162,1.076667390625,random_off_policy,first,gray
18578,test,-0.3340578079223633,0.224609375,0.224609375,random_off_policy,first,gray
18579,test,-0.27068233489990234,0.0,0.0,random_off_policy,second,negative
18582,test,-0.20154380798339844,-0.30859375,0.0,random_off_policy,first,negative
18583,test,1.0882658958435059,0.9586386680603027,1.661763703125,random_off_policy,second,positive
18586,test,0.06329107284545898,0.0,0.0,random_off_policy,first,negative
18588,test,-0.4126920700073242,0.0,0.0,random_off_policy,first,negative
18597,test,-0.27068233489990234,0.0,0.0,random_off_policy,second,negative
18601,test,1.0882658958435059,0.9797399640083313,1.0250824140625001,random_off_policy,second,positive
18612,test,0.29675817489624023,0.3421800136566162,1.1336911484375,random_off_policy,first,positive
18617,test,1.7210063934326172,2.017578125,2.017578125,random_off_policy,second,positive
18624,test,-0.4126920700073242,0.0,0.0,random_off_policy,first,negative
18627,test,1.709317684173584,2.701171875,2.701171875,random_off_policy,second,positive
18628,test,0.3065190315246582,0.416015625,0.416015625,random_off_policy,first,gray
18637,test,0.01629638671875,-0.28435230255126953,0.0,random_off_policy,second,negative
18643,test,0.18572664260864258,0.0,0.6484375,random_off_policy,second,gray
18644,test,-0.13742923736572266,-0.015625,0.0,random_off_policy,first,negative
18645,test,1.709317684173584,2.802734375,2.888671875,random_off_policy,second,positive
18663,test,1.709317684173584,2.361328125,2.486328125,random_off_policy,second,positive
18664,test,0.3065190315246582,0.650390625,0.650390625,random_off_policy,first,gray
18665,test,1.98317289352417,1.541015625,1.623046875,random_off_policy,second,positive
18668,test,-0.3340578079223633,0.5691256523132324,0.5691256406250003,random_off_policy,first,gray
18679,test,0.0790872573852539,-0.12109375,0.0,random_off_policy,second,negative
18680,test,-0.13742923736572266,0.26171875,0.26171875,random_off_policy,first,gray
18691,test,0.01629638671875,-0.1363353729248047,0.0,random_off_policy,second,negative
18707,test,1.7210063934326172,1.958984375,1.958984375,random_off_policy,second,positive
18721,test,1.091914176940918,1.66796875,1.66796875,random_off_policy,second,positive
18725,test,1.7210063934326172,1.16015625,1.29296875,random_off_policy,second,positive
18730,test,-0.33234500885009766,0.0,0.09922624218750009,random_off_policy,first,gray
18741,test,-0.27068233489990234,0.0,0.0,random_off_policy,second,negative
18746,test,0.05588960647583008,0.0,0.5384835390625,random_off_policy,first,gray
18748,test,-0.33234500885009766,0.0,0.0,random_off_policy,first,negative
18749,test,-0.49315452575683594,0.0,0.0,random_off_policy,second,negative
18757,test,-0.46619200706481934,0.0,0.5452300859374999,random_off_policy,second,gray
18760,test,-0.2834758758544922,0.0,0.0,random_off_policy,first,negative
18770,test,-0.09996223449707031,-0.029296875,0.0,random_off_policy,first,negative
18773,test,-0.30196571350097656,-0.015625,0.046875,random_off_policy,second,negative
18774,test,-0.31616830825805664,0.0,0.0,random_off_policy,first,negative
18793,test,-0.46619200706481934,0.0,0.33861942968750025,random_off_policy,second,gray
18797,test,1.6877713203430176,1.9296875,1.9296875,random_off_policy,second,positive
18799,test,0.966578483581543,1.146484375,1.146484375,random_off_policy,second,positive
18801,test,0.8708271980285645,2.126953125,2.126953125,random_off_policy,second,positive
18822,test,-0.5449671745300293,0.0,0.0,random_off_policy,first,negative
18845,test,-0.30196571350097656,-0.21484375,0.0,random_off_policy,second,negative
18850,test,-0.24746131896972656,0.0,0.0,random_off_policy,first,negative
18851,test,1.6877713203430176,2.1535308361053467,2.1535306093749997,random_off_policy,second,positive
18852,test,-0.49489855766296387,0.10546875,0.10546875,random_off_policy,first,gray
18856,test,-1.4365215301513672,0.0,0.0,random_off_policy,first,negative
18861,test,1.3367953300476074,0.83203125,0.83203125,random_off_policy,second,positive
18863,test,-0.30196571350097656,-0.125,0.0,random_off_policy,second,negative
18865,test,-0.46619200706481934,0.0,0.5690507187499998,random_off_policy,second,gray
18867,test,0.08697700500488281,0.138671875,0.138671875,random_off_policy,second,gray
18877,test,2.0239100456237793,1.875,1.875,random_off_policy,second,positive
18880,test,-0.2591385841369629,-0.01796126365661621,0.06299551562500016,random_off_policy,first,gray
18889,test,0.966578483581543,1.46875,1.46875,random_off_policy,second,positive
18892,test,-1.4365215301513672,0.0,0.0,random_off_policy,first,negative
18908,test,-0.042200565338134766,0.0,0.0,random_off_policy,first,negative
18916,test,0.37652587890625,0.47265625,0.47265625,random_off_policy,first,gray
18920,test,-0.27297258377075195,0.0,0.203125,random_off_policy,first,gray
18930,test,-0.054706573486328125,0.0,0.02734375,random_off_policy,first,negative
18933,test,0.8504409790039062,0.0,0.0,random_off_policy,second,negative
18943,test,0.966578483581543,1.548828125,1.548828125,random_off_policy,second,positive
18944,test,-0.042200565338134766,0.0,0.0,random_off_policy,first,negative
18950,test,-0.048783302307128906,0.169921875,0.169921875,random_off_policy,first,gray
18957,test,0.057703495025634766,0.630859375,0.630859375,random_off_policy,second,gray
18973,test,-0.31516170501708984,0.0,0.0,random_off_policy,second,negative
18982,test,-1.4365215301513672,0.0,0.0,random_off_policy,first,negative
18994,test,0.9884648323059082,0.7578125,0.7578125,random_off_policy,first,gray
18997,test,0.24214458465576172,0.171875,0.3515625,random_off_policy,second,gray
18999,test,-0.27329111099243164,0.0,0.458984375,random_off_policy,second,gray
19010,test,0.7699885368347168,0.423828125,0.423828125,random_off_policy,first,gray
19012,test,0.9884648323059082,0.51953125,0.51953125,random_off_policy,first,gray
19020,test,-0.054706573486328125,0.0,0.0,random_off_policy,first,negative
19036,test,0.9822278022766113,0.96484375,0.96484375,random_off_policy,first,gray
19043,test,0.5285534858703613,0.630859375,0.630859375,random_off_policy,second,gray
19052,test,0.17185354232788086,0.0,0.5625,random_off_policy,first,gray
19053,test,-0.27329111099243164,0.0,0.0,random_off_policy,second,negative
19084,test,0.9884648323059082,0.763671875,0.763671875,random_off_policy,first,gray
19086,test,0.40108537673950195,0.556640625,0.650390625,random_off_policy,first,gray
19087,test,0.24214458465576172,0.93359375,0.93359375,random_off_policy,second,positive
19088,test,0.17185354232788086,0.0,0.365234375,random_off_policy,first,gray
19096,test,-0.12342357635498047,0.0,0.0,random_off_policy,first,negative
19097,test,0.11199235916137695,0.0,0.0,random_off_policy,second,negative
19098,test,0.4736142158508301,0.755859375,0.875,random_off_policy,first,gray
19101,test,0.057703495025634766,0.650390625,0.650390625,random_off_policy,second,gray
19103,test,2.0828661918640137,1.603515625,2.109375,random_off_policy,second,positive
19107,test,-0.27329111099243164,0.0,0.025390625,random_off_policy,second,negative
19111,test,0.3139157295227051,0.0,0.0,random_off_policy,second,negative
19124,test,0.17185354232788086,0.0,0.43359375,random_off_policy,first,gray
19132,test,-0.12342357635498047,0.0,0.0,random_off_policy,first,negative
19136,test,-0.7771775722503662,0.0,0.0,random_off_policy,first,negative
19138,test,-0.467663049697876,-0.21875,0.0,random_off_policy,first,negative
19146,test,0.320767879486084,0.0,0.05078125,random_off_policy,first,gray
19151,test,0.11199235916137695,0.0,0.0,random_off_policy,second,negative
19153,test,-0.17202520370483398,0.0,0.0,random_off_policy,second,negative
19156,test,-0.467663049697876,-0.244140625,0.0,random_off_policy,first,negative
19160,test,0.17185354232788086,0.0,0.66796875,random_off_policy,first,gray
19163,test,-0.7278468608856201,0.0,0.0,random_off_policy,second,negative
19181,test,-0.7278468608856201,0.0,0.0,random_off_policy,second,negative
19196,test,0.3756861686706543,0.14453125,0.4691331328124999,random_off_policy,first,gray
19222,test,-0.12342357635498047,0.0,0.0,random_off_policy,first,negative
19224,test,0.4736142158508301,1.2734375,1.2734375,random_off_policy,first,positive
19229,test,0.12113428115844727,0.0,0.0,random_off_policy,second,negative
19230,test,-0.6853177547454834,0.0,0.0,random_off_policy,first,negative
19257,test,0.40807628631591797,0.0,0.5736023281250002,random_off_policy,second,gray
19260,test,0.4736142158508301,1.021484375,1.373046875,random_off_policy,first,positive
19261,test,-0.17202520370483398,0.0,0.0,random_off_policy,second,negative
19266,test,-0.6853177547454834,0.0,0.0,random_off_policy,first,negative
19270,test,1.7229199409484863,2.9722816944122314,2.972281640625,random_off_policy,first,positive
19280,test,-0.7771775722503662,0.0,0.0,random_off_policy,first,negative
19292,test,-0.43671560287475586,-0.5398287773132324,0.0,random_off_policy,first,negative
19304,test,0.3756861686706543,0.353515625,0.353515625,random_off_policy,first,gray
19322,test,0.3756861686706543,0.33984375,0.408203125,random_off_policy,first,gray
19328,test,-0.43671560287475586,-0.17696809768676758,0.0,random_off_policy,first,negative
19329,test,0.40807628631591797,0.0,0.6368311328125,random_off_policy,second,gray
19330,test,0.036661624908447266,0.015625,0.794921875,random_off_policy,first,gray
19331,test,-0.4465341567993164,0.0,0.0,random_off_policy,second,negative
19344,test,1.8159313201904297,0.87890625,1.23828125,random_off_policy,first,positive
19349,test,-0.4465341567993164,0.0,0.0,random_off_policy,second,negative
19355,test,1.2238168716430664,0.701171875,1.421875,random_off_policy,second,positive
19357,test,0.07603883743286133,0.0,0.05078125,random_off_policy,second,gray
19381,test,1.9482016563415527,1.59375,1.59375,random_off_policy,second,positive
19388,test,2.230304718017578,2.654296875,2.654296875,random_off_policy,first,positive
19394,test,2.7461719512939453,2.34765625,2.34765625,random_off_policy,first,positive
19395,test,1.2945141792297363,1.7109375,1.7109375,random_off_policy,second,positive
19397,test,0.03805112838745117,0.0,0.0,random_off_policy,second,negative
19400,test,-0.43671560287475586,-0.12343001365661621,0.0,random_off_policy,first,negative
19406,test,2.230304718017578,2.74609375,2.74609375,random_off_policy,first,positive
19411,test,0.07603883743286133,0.0,0.01171875,random_off_policy,second,negative
19415,test,0.03805112838745117,0.0,0.05078125,random_off_policy,second,gray
19420,test,0.036661624908447266,0.13671875,0.970703125,random_off_policy,first,positive
19421,test,-0.4465341567993164,0.0,0.0,random_off_policy,second,negative
19422,test,0.3777480125427246,0.0,0.0,random_off_policy,first,negative
19427,test,1.2238168716430664,0.27734375,1.15625,random_off_policy,second,positive
19438,test,-0.1385211944580078,0.0,0.06750966406250014,random_off_policy,first,gray
19445,test,1.2238168716430664,0.28515625,1.15625,random_off_policy,second,positive
19447,test,0.07603883743286133,0.0,0.029296875,random_off_policy,second,negative
19451,test,0.03805112838745117,0.0,0.1160006406250007,random_off_policy,second,gray
19467,test,1.2945141792297363,1.61328125,1.61328125,random_off_policy,second,positive
19475,test,0.049956321716308594,0.01953125,0.01953125,random_off_policy,second,negative
19497,test,3.8895983695983887,4.1796875,4.1796875,random_off_policy,second,positive
19504,test,2.3552794456481934,2.7715508937835693,2.7715507734375002,random_off_policy,first,positive
19505,test,0.03805112838745117,0.0,0.072265625,random_off_policy,second,gray
19516,test,0.1340641975402832,0.03125,0.638671875,random_off_policy,first,gray
19518,test,0.567349910736084,0.7640548944473267,1.0511643828125001,random_off_policy,first,gray
19521,test,1.2945141792297363,1.4453125,1.60546875,random_off_policy,second,positive
19533,test,3.8895983695983887,4.140625,4.17578125,random_off_policy,second,positive
19543,test,-0.8759143352508545,0.0,0.0,random_off_policy,second,negative
19547,test,0.049956321716308594,0.03515625,0.03515625,random_off_policy,second,negative
19552,test,0.1340641975402832,0.017578125,0.533203125,random_off_policy,first,gray
19556,test,0.8021631240844727,0.0,0.4984300078124999,random_off_policy,first,gray
19561,test,-0.8759143352508545,0.0,0.0929462734375015,random_off_policy,second,gray
19573,test,2.89990234375,3.4238569736480713,3.4238570625,random_off_policy,second,positive
19576,test,-0.6147623062133789,0.0,0.0,random_off_policy,first,negative
19577,test,0.2576723098754883,-0.01953125,0.0,random_off_policy,second,negative
19579,test,0.10585737228393555,0.068359375,0.1328125,random_off_policy,second,gray
19589,test,-0.11407899856567383,0.0,0.0,random_off_policy,second,negative
19593,test,0.5291261672973633,0.265625,0.265625,random_off_policy,second,gray
19609,test,2.89990234375,2.6681101322174072,2.6681100703125002,random_off_policy,second,positive
19618,test,-0.1996159553527832,1.1920595169067383,1.1920601328125002,random_off_policy,first,gray
19638,test,0.6646008491516113,-0.013251304626464844,0.0,random_off_policy,first,negative
19644,test,0.567349910736084,1.1117112636566162,1.216796875,random_off_policy,first,positive
19645,test,2.89990234375,2.602890729904175,2.6028906796875,random_off_policy,second,positive
19668,test,0.936884880065918,1.8828125,1.8828125,random_off_policy,first,positive
19678,test,0.0400395393371582,0.27734375,0.27734375,random_off_policy,first,gray
19682,test,0.8021631240844727,0.0,0.014055007812500131,random_off_policy,first,negative
19687,test,0.10585737228393555,-0.037109375,0.0703125,random_off_policy,second,gray
19695,test,-0.06346416473388672,-0.0546875,0.0,random_off_policy,second,negative
19699,test,-0.14385271072387695,0.724609375,0.724609375,random_off_policy,second,gray
19702,test,-0.6147623062133789,0.0,0.0,random_off_policy,first,negative
19703,test,0.2576723098754883,0.08203125,0.08203125,random_off_policy,second,gray
19720,test,-0.6147623062133789,0.0,0.0,random_off_policy,first,negative
19721,test,0.2576723098754883,0.046875,0.046875,random_off_policy,second,negative
19731,test,-0.06346416473388672,0.111328125,0.111328125,random_off_policy,second,gray
19735,test,-0.14385271072387695,0.87109375,0.87109375,random_off_policy,second,positive
19742,test,-0.11469221115112305,-1.1666696071624756,0.0,random_off_policy,first,negative
19753,test,-0.14385271072387695,0.8046875,0.935546875,random_off_policy,second,positive
19759,test,-0.23308420181274414,0.455078125,0.455078125,random_off_policy,second,gray
19760,test,-0.11469221115112305,-0.20427441596984863,0.0,random_off_policy,first,negative
19768,test,0.0400395393371582,0.380859375,0.380859375,random_off_policy,first,gray
19769,test,0.601715087890625,0.728515625,0.728515625,random_off_policy,second,positive
19796,test,1.1999497413635254,1.033203125,1.033203125,random_off_policy,first,positive
19799,test,3.3034815788269043,3.560546875,3.57421875,random_off_policy,second,positive
19801,test,1.066232681274414,0.4597506523132324,0.6832106171875,random_off_policy,second,gray
19822,test,0.0400395393371582,0.384765625,0.384765625,random_off_policy,first,gray
19825,test,-0.14385271072387695,0.958984375,1.060546875,random_off_policy,second,positive
19833,test,0.3239121437072754,0.0,0.0,random_off_policy,second,negative
19835,test,3.3034815788269043,3.560546875,3.560546875,random_off_policy,second,positive
19839,test,-0.5180249214172363,0.033203125,0.033203125,random_off_policy,second,negative
19842,test,-0.016561031341552734,-0.29296875,0.453125,random_off_policy,first,gray
19843,test,-0.14385271072387695,0.91015625,0.91015625,random_off_policy,second,positive
19845,test,0.011196136474609375,0.0,0.0,random_off_policy,second,negative
19854,test,0.32350635528564453,-0.021867752075195312,0.2546725156249998,random_off_policy,first,gray
19864,test,1.2454218864440918,1.451171875,1.451171875,random_off_policy,first,positive
19865,test,-0.8464758396148682,0.0,0.0,random_off_policy,second,negative
19870,test,0.193572998046875,-0.1656324863433838,0.0,random_off_policy,first,negative
19871,test,3.3034815788269043,3.33984375,3.33984375,random_off_policy,second,positive
19872,test,0.32350635528564453,-0.11638355255126953,0.15739939843749973,random_off_policy,first,gray
19877,test,4.236461162567139,3.697265625,3.697265625,random_off_policy,second,positive
19885,test,-0.23308420181274414,0.623046875,0.623046875,random_off_policy,second,gray
19887,test,0.3239121437072754,0.0,0.0,random_off_policy,second,negative
19888,test,0.193572998046875,-0.06445318460464478,0.0,random_off_policy,first,negative
19893,test,-0.5180249214172363,0.193359375,0.193359375,random_off_policy,second,gray
19900,test,1.2454218864440918,0.78515625,1.0390625,random_off_policy,first,positive
19904,test,1.1999497413635254,1.234375,1.361328125,random_off_policy,first,positive
19909,test,0.13193321228027344,0.0,0.0,random_off_policy,second,negative
19912,test,1.7729930877685547,2.39453125,2.39453125,random_off_policy,first,positive
19918,test,-0.393251895904541,0.0,0.0,random_off_policy,first,negative
19931,test,4.236461162567139,3.822265625,3.822265625,random_off_policy,second,positive
19935,test,-0.3836202621459961,0.0,0.0,random_off_policy,second,negative
19937,test,0.6792845726013184,1.53515625,1.53515625,random_off_policy,second,positive
19958,test,0.922569751739502,-0.952900230884552,0.0,random_off_policy,first,negative
19968,test,0.3446049690246582,0.44649937748908997,0.4527418671875,random_off_policy,first,gray
19974,test,-0.6445410251617432,0.015625,0.015625,random_off_policy,first,negative
19977,test,0.41894102096557617,0.0,0.0,random_off_policy,second,negative
19979,test,0.720733642578125,0.0,0.0,random_off_policy,second,negative
